date,PM2.5,PM10,O3,NO2,SO2,CO,AQI
2020-01-01,153.0,65.0,5.0,25.0,4.0,15.0,203.0
2020-01-02,118.0,44.0,6.0,21.0,3.0,10.0,183.0
2020-01-03,59.0,44.0,6.0,21.0,3.0,12.0,153.0
2020-01-04,70.0,46.0,6.0,18.0,2.0,9.0,158.0
2020-01-05,66.0,47.0,7.0,17.0,2.0,9.0,156.0
2020-01-06,63.0,51.0,6.0,22.0,2.0,13.0,159.0
2020-01-07,84.0,48.0,6.0,18.0,3.0,12.0,166.0
2020-01-08,62.0,49.0,6.0,22.0,4.0,11.0,154.0
2020-01-09,70.0,41.0,6.0,15.0,3.0,8.0,158.0
2020-01-10,52.0,42.0,6.0,12.0,3.0,9.0,142.0
2020-01-11,57.0,38.0,7.0,13.0,4.0,8.0,152.0
2020-01-12,61.0,77.0,4.0,19.0,8.0,14.0,176.0
2020-01-13,149.0,90.0,5.0,28.0,8.0,18.0,218.0
2020-01-14,171.0,37.0,6.0,13.0,3.0,7.0,221.0
2020-01-15,54.0,41.0,6.0,15.0,6.0,12.0,147.0
2020-01-16,60.0,36.0,8.0,13.0,5.0,8.0,153.0
2020-01-17,62.0,49.0,8.0,12.0,3.0,10.0,154.0
2020-01-18,97.0,36.0,10.0,10.0,3.0,7.0,172.0
2020-01-19,66.0,46.0,12.0,13.0,3.0,11.0,156.0
2020-01-20,92.0,67.0,7.0,20.0,4.0,15.0,193.0
2020-01-21,140.0,56.0,9.0,15.0,3.0,14.0,195.0
2020-01-22,111.0,31.0,12.0,9.0,2.0,7.0,180.0
2020-01-23,53.0,23.0,11.0,6.0,2.0,5.0,144.0
2020-01-24,43.0,19.0,17.0,5.0,2.0,4.0,119.0
2020-01-25,35.0,15.0,18.0,9.0,2.0,5.0,99.0
2020-01-26,23.0,24.0,15.0,9.0,3.0,5.0,74.0
2020-01-27,36.0,36.0,14.0,9.0,3.0,5.0,102.0
2020-01-28,62.0,46.0,14.0,7.0,3.0,5.0,154.0
2020-01-29,86.0,56.0,13.0,16.0,3.0,8.0,167.0
2020-01-30,115.0,57.0,9.0,26.0,5.0,10.0,182.0
2020-01-31,109.0,70.0,10.0,20.0,4.0,9.0,179.0
2020-02-01,142.0,83.0,12.0,15.0,4.0,10.0,196.0
2020-02-02,171.0,60.0,14.0,10.0,3.0,13.0,221.0
2020-02-03,124.0,15.0,18.0,1.0,3.0,5.0,186.0
2020-02-04,29.0,24.0,19.0,1.0,4.0,9.0,96.0
2020-02-05,46.0,58.0,6.0,6.0,4.0,15.0,193.0
2020-02-06,107.0,57.0,2.0,6.0,3.0,15.0,193.0
2020-02-07,108.0,33.0,2.0,18.8,4.0,8.0,178.0
2020-02-08,58.0,15.0,5.0,18.8,3.0,5.0,152.0
2020-02-09,27.0,43.0,3.0,18.8,7.0,11.0,126.0
2020-02-10,77.0,52.0,8.0,18.8,5.0,11.0,162.0
2020-02-11,99.0,57.0,4.0,26.0,4.0,14.0,176.0
2020-02-12,108.0,42.0,8.0,21.0,3.0,15.0,193.0
2020-02-13,81.0,30.0,14.0,16.0,3.0,12.0,164.0
2020-02-14,51.0,40.0,15.0,18.0,3.0,12.0,143.0
2020-02-15,62.0,27.0,15.0,12.0,4.0,4.0,154.0
2020-02-16,36.0,40.0,13.0,17.0,6.0,6.0,102.0
2020-02-17,64.0,52.0,14.0,28.0,15.0,8.0,155.0
2020-02-18,84.0,63.0,7.0,33.0,18.0,10.0,166.0
2020-02-19,116.0,86.0,6.0,25.0,8.0,11.0,182.0
2020-02-20,160.0,98.0,6.0,26.0,5.0,12.0,210.0
2020-02-21,189.0,82.0,16.0,30.0,5.0,16.0,239.0
2020-02-22,168.0,71.0,13.0,32.0,5.0,14.0,218.0
2020-02-23,137.0,51.0,12.0,25.0,4.0,9.0,193.0
2020-02-24,90.0,47.0,7.0,20.0,4.0,9.0,169.0
2020-02-25,81.0,42.0,5.0,29.0,4.0,13.0,164.0
2020-02-26,65.0,41.0,7.0,24.0,4.0,10.0,156.0
2020-02-27,66.0,33.0,7.0,18.0,3.0,9.0,156.0
2020-02-28,48.0,34.0,11.0,16.0,3.0,7.0,132.0
2020-02-29,47.0,32.0,12.0,15.0,3.0,8.0,129.0
2020-03-01,51.0,28.0,11.0,14.0,3.0,9.0,139.0
2020-03-02,43.0,22.0,11.0,15.0,3.0,6.0,119.0
2020-03-03,34.0,23.0,28.0,17.0,4.0,6.0,97.0
2020-03-04,38.0,31.0,8.0,13.0,4.0,9.0,107.0
2020-03-05,51.0,61.0,10.0,22.0,6.0,12.0,143.0
2020-03-06,112.0,45.0,9.0,21.0,4.0,12.0,180.0
2020-03-07,72.0,45.0,17.0,18.0,3.0,9.0,160.0
2020-03-08,76.0,54.0,33.0,18.0,3.0,9.0,162.0
2020-03-09,100.0,45.0,17.0,17.0,4.0,7.0,174.0
2020-03-10,70.0,52.0,15.0,28.0,6.0,12.0,158.0
2020-03-11,83.0,40.0,13.0,21.0,4.0,13.0,165.0
2020-03-12,71.0,40.0,14.0,14.0,4.0,11.0,159.0
2020-03-13,74.0,37.0,13.0,16.0,5.0,8.0,161.0
2020-03-14,60.0,51.0,10.0,18.0,6.0,9.0,153.0
2020-03-15,95.0,59.0,5.0,22.0,7.0,17.0,211.0
2020-03-16,121.0,31.0,11.0,21.0,4.0,16.0,204.0
2020-03-17,59.0,16.0,7.0,9.0,4.0,8.0,153.0
2020-03-18,32.0,17.0,7.0,8.0,4.0,6.0,93.0
2020-03-19,31.0,47.0,8.0,22.0,5.0,12.0,143.0
2020-03-20,80.0,31.0,16.0,13.0,4.0,9.0,164.0
2020-03-21,57.0,22.0,15.0,8.0,4.0,7.0,152.0
2020-03-22,40.0,27.0,14.0,11.0,4.0,10.0,112.0
2020-03-23,48.0,19.0,14.0,7.0,4.0,6.0,132.0
2020-03-24,31.0,17.0,14.0,7.0,4.32,5.0,91.0
2020-03-25,27.0,13.0,14.0,4.0,4.32,4.0,82.0
2020-03-26,23.0,19.0,17.0,5.0,4.32,7.0,76.0
2020-03-27,32.0,21.0,14.0,4.0,4.32,6.0,93.0
2020-03-28,34.0,14.0,46.0,2.0,4.0,4.0,97.0
2020-03-29,25.0,33.206896551724135,14.413793103448276,13.827586206896552,4.32,8.758620689655173,94.0
2020-03-30,57.58620689655172,33.206896551724135,14.413793103448276,13.827586206896552,4.32,8.758620689655173,152.0
2020-03-31,57.58620689655172,36.0,7.0,6.0,5.0,5.0,152.0
2020-04-01,65.0,28.0,5.0,3.0,5.0,6.0,156.0
2020-04-02,54.0,25.0,7.0,6.0,5.0,8.0,147.0
2020-04-03,48.0,15.0,6.0,2.0,5.0,4.0,132.0
2020-04-04,28.0,8.0,13.0,1.0,5.0,4.0,84.0
2020-04-05,14.0,18.0,11.0,6.0,5.0,6.0,66.0
2020-04-06,34.0,36.0,21.0,7.0,5.0,6.0,97.0
2020-04-07,69.0,46.0,17.0,12.0,5.0,9.0,158.0
2020-04-08,89.0,41.0,25.0,11.0,6.0,8.0,168.0
2020-04-09,76.0,33.0,23.0,11.0,6.0,8.0,162.0
2020-04-10,60.0,22.0,18.0,6.0,5.0,6.0,153.0
2020-04-11,42.0,17.0,22.0,5.0,5.0,4.0,117.0
2020-04-12,31.0,22.0,20.0,5.0,5.0,4.0,91.0
2020-04-13,42.0,26.0,38.0,6.0,6.0,5.0,117.0
2020-04-14,48.0,31.0,32.0,8.0,7.0,6.0,132.0
2020-04-15,57.0,26.0,17.0,6.0,4.0,8.0,152.0
2020-04-16,49.0,15.0,14.0,2.0,4.0,5.0,134.0
2020-04-17,28.0,14.0,17.0,3.0,4.0,5.0,84.0
2020-04-18,27.0,17.0,13.0,1.0,4.0,6.0,82.0
2020-04-19,33.0,13.0,14.0,3.0,34.0,5.0,95.0
2020-04-20,25.0,15.0,14.0,4.0,24.0,7.0,78.0
2020-04-21,24.0,10.0,13.0,5.0,15.0,8.0,86.0
2020-04-22,12.0,6.0,17.0,2.0,6.0,5.0,56.0
2020-04-23,7.0,6.0,16.0,2.0,10.0,4.0,45.0
2020-04-24,11.0,11.0,22.0,3.0,6.0,5.0,56.0
2020-04-25,15.0,10.0,18.0,3.0,6.0,5.0,57.0
2020-04-26,14.0,11.0,27.0,8.0,7.0,8.0,86.0
2020-04-27,17.0,44.0,37.0,11.0,16.0,8.0,86.0
2020-04-28,55.0,67.0,42.0,10.0,11.0,10.0,149.0
2020-04-29,99.0,48.0,24.0,5.0,6.0,8.0,173.0
2020-04-30,61.0,35.0,12.0,6.0,5.0,8.0,154.0
2020-05-01,49.0,40.0,23.0,3.0,5.0,6.0,134.0
2020-05-02,47.0,33.0,16.0,4.0,5.0,8.0,129.0
2020-05-03,41.0,36.0,21.0,7.0,5.0,8.0,115.0
2020-05-04,40.0,39.0,17.0,6.0,5.0,10.0,112.0
2020-05-05,47.0,37.0,13.0,4.0,5.0,10.0,129.0
2020-05-06,42.0,41.0,13.0,5.0,5.0,10.0,117.0
2020-05-07,51.0,40.0,17.0,5.0,5.0,9.0,139.0
2020-05-08,46.0,40.0,18.0,5.0,5.0,10.0,127.0
2020-05-09,52.0,39.0,25.0,4.0,5.0,7.0,142.0
2020-05-10,44.0,32.0,14.0,5.0,5.0,10.0,122.0
2020-05-11,37.0,25.0,14.0,5.0,5.0,9.0,105.0
2020-05-12,30.0,28.0,15.0,4.0,6.0,9.0,96.0
2020-05-13,32.0,23.0,19.0,4.0,6.0,8.0,93.0
2020-05-14,22.0,27.0,15.0,3.0,5.0,6.0,72.0
2020-05-15,32.0,29.0,18.0,2.0,6.0,7.0,93.0
2020-05-16,35.0,24.0,15.0,6.111111111111111,6.0,7.0,99.0
2020-05-17,26.0,28.0,30.0,6.111111111111111,6.0,9.0,96.0
2020-05-18,32.0,39.0,18.0,6.111111111111111,6.0,10.0,109.0
2020-05-19,49.0,32.0,17.0,6.111111111111111,6.0,10.0,134.0
2020-05-20,33.0,45.0,24.0,12.0,6.0,11.0,126.0
2020-05-21,44.0,41.0,15.0,10.0,6.0,9.0,122.0
2020-05-22,38.0,28.0,19.0,7.0,6.0,8.0,107.0
2020-05-23,37.0,37.0,17.0,8.0,6.0,9.0,105.0
2020-05-24,48.0,30.0,26.0,7.0,6.0,9.0,132.0
2020-05-25,34.0,21.0,20.0,4.0,7.0,5.0,97.0
2020-05-26,27.0,27.0,21.0,7.0,7.0,7.0,82.0
2020-05-27,35.0,47.0,24.0,9.0,8.0,10.0,109.0
2020-05-28,56.0,35.0,18.0,9.0,6.0,9.0,151.0
2020-05-29,41.0,31.0,19.0,9.0,6.0,9.0,115.0
2020-05-30,34.0,32.0,17.0,6.0,6.0,7.0,97.0
2020-05-31,28.0,29.0,16.0,11.0,7.0,11.0,126.0
2020-06-01,24.0,39.0,15.0,11.0,7.0,11.0,126.0
2020-06-02,41.0,32.0,31.0,7.0,6.0,9.0,115.0
2020-06-03,35.0,32.0,24.0,7.0,6.0,8.0,99.0
2020-06-04,36.0,36.0,24.0,11.0,6.0,10.0,109.0
2020-06-05,47.0,40.0,17.0,13.0,7.0,10.0,129.0
2020-06-06,51.0,42.0,18.0,13.0,8.0,8.0,139.0
2020-06-07,42.0,39.0,15.0,11.0,9.0,7.0,117.0
2020-06-08,36.0,50.0,26.0,16.0,10.0,9.0,102.0
2020-06-09,37.0,36.0,20.0,14.0,7.0,8.0,105.0
2020-06-10,33.0,31.0,17.0,13.0,7.0,9.0,96.0
2020-06-11,34.0,30.0,19.0,13.0,7.0,7.0,97.0
2020-06-12,29.0,28.0,17.0,12.0,7.0,7.0,87.0
2020-06-13,28.0,28.0,12.0,12.0,7.0,9.0,96.0
2020-06-14,35.0,25.0,12.0,16.0,6.0,11.0,126.0
2020-06-15,35.0,26.0,16.0,11.0,1.0,6.0,99.0
2020-06-16,21.0,30.0,13.0,11.0,2.0,6.0,70.0
2020-06-17,22.0,25.0,11.0,11.0,1.0,7.0,76.0
2020-06-18,18.0,24.0,12.0,13.0,1.0,8.0,86.0
2020-06-19,20.0,23.0,20.0,10.0,1.0,5.0,68.0
2020-06-20,21.0,27.0,23.0,10.0,1.0,4.0,70.0
2020-06-21,24.0,28.0,18.0,13.0,1.0,7.0,76.0
2020-06-22,21.0,33.0,22.0,17.0,2.0,7.0,76.0
2020-06-23,22.0,36.0,16.0,18.0,1.0,8.0,86.0
2020-06-24,23.0,43.0,20.0,19.0,2.0,10.0,109.0
2020-06-25,50.0,30.0,18.0,11.0,1.0,6.0,137.0
2020-06-26,23.0,27.0,27.0,12.0,1.0,4.0,74.0
2020-06-27,20.0,27.0,23.0,11.0,1.0,4.0,68.0
2020-06-28,23.0,31.0,18.0,15.0,3.0,9.0,96.0
2020-06-29,28.0,31.0,26.0,17.0,1.0,8.0,86.0
2020-06-30,30.0,32.0,17.0,17.0,2.0,11.0,126.0
2020-07-01,33.0,30.0,17.0,17.0,2.0,11.0,126.0
2020-07-02,32.0,24.0,18.0,14.0,2.0,10.0,109.0
2020-07-03,24.0,19.0,17.0,15.0,2.0,10.0,109.0
2020-07-04,24.0,21.0,16.0,11.0,2.0,8.0,86.0
2020-07-05,23.0,20.0,19.0,9.0,2.0,6.0,74.0
2020-07-06,20.0,26.0,23.0,10.0,2.0,6.0,68.0
2020-07-07,27.0,27.0,18.0,11.0,2.0,7.0,82.0
2020-07-08,24.0,32.0,18.0,10.0,2.0,7.0,76.0
2020-07-09,23.0,35.0,18.0,11.0,2.0,8.0,86.0
2020-07-10,22.0,43.0,18.0,13.0,4.0,10.0,109.0
2020-07-11,29.0,37.0,20.0,13.0,2.0,10.0,109.0
2020-07-12,34.0,34.0,24.0,14.0,2.0,8.0,97.0
2020-07-13,32.0,29.0,31.0,17.0,2.0,8.0,93.0
2020-07-14,31.0,27.0,24.0,11.0,2.0,6.0,91.0
2020-07-15,27.0,25.0,22.0,7.0,2.0,6.0,82.0
2020-07-16,24.0,26.0,22.0,8.0,2.0,6.0,76.0
2020-07-17,22.0,27.0,23.0,8.0,2.0,5.0,72.0
2020-07-18,24.0,28.0,22.0,8.0,2.0,5.0,76.0
2020-07-19,26.0,24.0,20.0,9.0,2.0,10.0,109.0
2020-07-20,29.0,24.0,14.0,6.0,4.0,7.0,87.0
2020-07-21,27.0,21.0,14.0,5.0,3.0,6.0,82.0
2020-07-22,20.0,21.0,14.0,11.0,3.0,6.0,68.0
2020-07-23,19.0,24.0,14.0,11.0,3.0,8.0,86.0
2020-07-24,25.0,25.0,16.0,11.0,3.0,6.0,78.0
2020-07-25,21.0,21.0,15.0,11.0,3.0,6.0,70.0
2020-07-26,23.0,42.0,15.0,11.0,4.0,10.0,109.0
2020-07-27,51.0,53.0,28.0,11.0,4.0,12.0,143.0
2020-07-28,76.0,44.0,16.0,11.0,3.0,13.0,162.0
2020-07-29,54.0,37.0,15.0,12.0,3.0,11.0,147.0
2020-07-30,44.0,33.0,16.0,16.0,3.0,9.0,122.0
2020-07-31,43.0,24.0,14.0,9.0,3.0,4.0,119.0
2020-08-01,31.0,10.0,13.0,6.0,3.0,4.0,91.0
2020-08-02,15.0,20.0,13.0,10.0,4.0,12.0,143.0
2020-08-03,32.0,19.0,12.0,9.0,4.0,13.0,159.0
2020-08-04,27.0,20.0,13.0,10.0,3.0,15.0,193.0
2020-08-05,29.0,13.0,12.0,8.0,3.0,13.0,159.0
2020-08-06,20.0,15.0,12.0,6.0,3.0,14.0,176.0
2020-08-07,21.0,20.0,13.0,6.0,3.0,21.0,238.0
2020-08-08,24.0,19.0,13.0,8.0,3.0,21.0,238.0
2020-08-09,23.0,24.0,17.0,14.0,3.0,21.0,238.0
2020-08-10,26.0,19.0,8.0,19.0,4.0,11.0,126.0
2020-08-11,14.0,21.0,12.0,12.0,4.0,10.0,109.0
2020-08-12,23.0,13.0,12.0,11.0,3.0,9.0,96.0
2020-08-13,17.0,13.0,11.0,7.0,4.0,10.0,109.0
2020-08-14,19.0,16.0,6.0,8.0,4.0,10.0,109.0
2020-08-15,22.0,32.0,6.0,9.0,4.0,9.0,96.0
2020-08-16,43.0,13.0,6.0,9.0,4.0,10.0,119.0
2020-08-17,19.0,8.0,11.1875,8.0,4.0,11.0,126.0
2020-08-18,13.0,21.0,11.1875,12.0,4.0,14.0,176.0
2020-08-19,28.0,30.0,11.1875,12.0,4.0,8.0,86.0
2020-08-20,41.0,19.0,11.1875,17.0,4.0,14.0,176.0
2020-08-21,23.0,19.0,11.1875,11.0,4.0,7.0,76.0
2020-08-22,26.0,24.0,11.1875,10.0,4.0,8.0,86.0
2020-08-23,32.0,22.0,11.1875,12.0,4.0,9.0,96.0
2020-08-24,26.0,19.0,11.1875,9.0,4.0,7.0,80.0
2020-08-25,21.0,26.0,11.1875,13.0,4.0,7.0,76.0
2020-08-26,30.0,39.0,11.1875,16.0,4.0,7.0,89.0
2020-08-27,50.0,30.0,11.1875,15.0,4.0,11.0,137.0
2020-08-28,38.0,26.0,11.1875,15.0,4.0,9.0,107.0
2020-08-29,32.0,30.0,11.1875,17.0,5.0,8.0,93.0
2020-08-30,37.0,32.0,11.1875,14.0,5.0,9.0,105.0
2020-08-31,40.0,32.0,11.1875,18.0,5.0,9.0,112.0
2020-09-01,40.0,51.0,11.1875,15.0,4.0,7.0,112.0
2020-09-02,76.0,48.0,11.1875,21.0,4.0,11.0,162.0
2020-09-03,71.0,38.0,11.1875,18.0,4.0,12.0,159.0
2020-09-04,55.0,28.0,11.1875,12.0,4.0,7.0,149.0
2020-09-05,35.0,23.0,11.1875,13.0,4.0,7.0,99.0
2020-09-06,28.0,12.0,11.1875,12.0,4.0,7.0,84.0
2020-09-07,17.0,36.0,11.1875,19.0,5.0,12.0,143.0
2020-09-08,47.0,23.0,11.1875,14.0,6.0,11.0,129.0
2020-09-09,30.0,24.0,11.1875,10.0,5.0,11.0,126.0
2020-09-10,31.0,23.0,11.1875,15.0,5.0,12.0,143.0
2020-09-11,28.0,22.0,11.1875,11.0,4.0,11.0,126.0
2020-09-12,28.0,17.0,11.1875,9.0,4.0,9.0,96.0
2020-09-13,25.0,18.0,11.1875,10.0,5.0,13.0,159.0
2020-09-14,23.0,18.0,11.1875,9.0,5.0,10.0,109.0
2020-09-15,22.0,21.0,11.1875,10.0,5.0,11.0,126.0
2020-09-16,25.0,28.0,11.1875,14.0,5.0,12.0,143.0
2020-09-17,33.0,12.0,11.1875,6.0,5.0,3.0,95.0
2020-09-18,15.0,12.0,11.1875,7.0,5.0,5.0,57.0
2020-09-19,18.0,24.0,11.1875,9.0,5.0,10.0,109.0
2020-09-20,36.0,28.0,11.1875,10.0,6.0,12.0,143.0
2020-09-21,40.0,14.0,11.1875,8.0,5.0,11.0,126.0
2020-09-22,19.0,20.0,11.1875,9.0,6.0,12.0,143.0
2020-09-23,27.0,14.0,11.1875,10.0,5.0,7.0,82.0
2020-09-24,19.0,27.0,11.1875,13.0,6.0,10.0,109.0
2020-09-25,37.0,16.0,11.1875,10.0,5.0,9.0,105.0
2020-09-26,22.0,13.0,11.1875,6.0,5.0,6.0,72.0
2020-09-27,20.0,22.0,11.1875,15.0,5.0,10.0,109.0
2020-09-28,32.0,31.0,11.1875,16.0,5.0,11.0,126.0
2020-09-29,44.0,22.0,11.1875,13.0,5.0,12.0,143.0
2020-09-30,28.0,16.0,11.1875,13.0,5.0,14.0,176.0
2020-10-01,22.0,26.0,11.1875,17.0,6.0,13.0,159.0
2020-10-02,37.0,28.0,11.1875,13.0,6.0,15.0,193.0
2020-10-03,40.0,21.0,11.1875,9.0,6.0,10.0,112.0
2020-10-04,33.0,20.0,11.1875,8.0,6.0,15.0,193.0
2020-10-05,28.0,22.0,11.1875,1.0,6.0,5.0,84.0
2020-10-06,33.0,15.0,11.1875,13.8,6.0,5.0,95.0
2020-10-07,20.0,19.0,11.1875,8.0,6.0,4.0,68.0
2020-10-08,27.0,16.0,11.1875,8.0,6.0,5.0,82.0
2020-10-09,21.0,22.0,11.1875,9.0,7.0,4.0,70.0
2020-10-10,32.0,24.0,11.1875,10.0,7.0,4.0,93.0
2020-10-11,39.0,39.0,11.1875,17.0,8.0,8.0,110.0
2020-10-12,60.0,38.0,11.1875,17.0,8.0,6.0,153.0
2020-10-13,56.0,14.0,11.1875,8.0,6.0,4.0,151.0
2020-10-14,26.0,9.0,11.1875,8.0,6.0,5.0,80.0
2020-10-15,16.0,12.0,11.1875,8.0,6.0,5.0,59.0
2020-10-16,18.0,13.0,11.1875,10.0,7.0,4.0,63.0
2020-10-17,15.0,16.0,11.1875,10.0,7.0,5.0,57.0
2020-10-18,26.0,20.0,11.1875,12.0,7.0,6.0,80.0
2020-10-19,28.0,20.0,11.1875,14.0,9.0,5.0,84.0
2020-10-20,25.0,21.0,11.1875,15.0,8.0,6.0,78.0
2020-10-21,25.0,36.0,11.1875,20.0,10.0,7.0,78.0
2020-10-22,46.0,51.0,11.1875,27.0,10.0,12.0,143.0
2020-10-23,75.0,53.0,11.1875,29.0,11.0,11.0,161.0
2020-10-24,80.0,48.0,11.1875,19.0,9.0,7.0,164.0
2020-10-25,76.0,33.0,11.1875,17.0,7.0,6.0,162.0
2020-10-26,55.0,37.0,11.1875,23.0,7.0,12.0,149.0
2020-10-27,57.0,38.0,11.1875,15.0,7.0,8.0,152.0
2020-10-28,60.0,25.0,11.1875,12.0,7.0,5.0,153.0
2020-10-29,44.0,13.0,11.1875,13.0,7.0,7.0,122.0
2020-10-30,24.0,23.0,11.1875,15.0,7.0,10.0,109.0
2020-10-31,35.0,47.0,11.1875,22.0,8.0,11.0,126.0
2020-11-01,74.0,37.0,15.5,18.0,8.0,10.0,161.0
2020-11-02,62.0,19.0,15.5,14.0,9.0,6.0,154.0
2020-11-03,26.0,36.0,14.0,22.0,6.0,11.0,126.0
2020-11-04,56.0,54.0,15.0,34.0,3.0,14.0,176.0
2020-11-05,91.0,59.0,13.0,31.0,2.0,14.0,176.0
2020-11-06,112.0,31.0,18.0,17.0,2.0,9.0,180.0
2020-11-07,53.0,26.0,25.0,18.0,3.0,7.0,144.0
2020-11-08,47.0,32.0,29.0,24.0,5.0,8.0,129.0
2020-11-09,54.0,38.0,30.0,25.0,7.0,8.0,147.0
2020-11-10,65.0,40.0,26.0,30.0,7.0,11.0,156.0
2020-11-11,60.0,45.0,39.0,31.0,5.0,11.0,153.0
2020-11-12,73.0,41.0,34.0,30.0,5.0,10.0,160.0
2020-11-13,66.0,39.0,31.0,24.0,5.0,8.0,156.0
2020-11-14,67.0,26.0,21.0,14.0,1.0,6.0,157.0
2020-11-15,49.0,23.0,3.0,12.0,1.0,10.0,134.0
2020-11-16,45.0,23.0,6.0,15.0,1.0,13.0,159.0
2020-11-17,37.0,22.0,5.0,13.0,1.0,10.0,109.0
2020-11-18,30.0,26.0,4.0,13.0,1.0,12.0,143.0
2020-11-19,36.0,25.0,4.0,13.0,1.0,11.0,126.0
2020-11-20,35.0,19.0,5.0,12.0,1.0,6.0,99.0
2020-11-21,26.0,23.0,6.0,14.0,1.0,6.0,80.0
2020-11-22,34.0,31.0,5.0,19.0,1.0,10.0,109.0
2020-11-23,38.0,32.0,4.0,24.0,2.0,9.0,107.0
2020-11-24,47.0,37.0,8.0,28.0,2.0,8.0,129.0
2020-11-25,60.0,34.0,5.0,29.0,1.0,8.0,153.0
2020-11-26,50.0,35.0,18.0,24.0,2.0,7.0,137.0
2020-11-27,59.0,25.0,12.0,14.0,2.0,5.0,153.0
2020-11-28,44.0,20.0,18.0,14.0,2.0,4.0,122.0
2020-11-29,34.0,27.0,21.0,20.0,3.0,5.0,97.0
2020-11-30,46.0,40.0,15.0,27.0,6.0,7.0,127.0
2020-12-01,70.0,46.0,12.0,27.0,4.0,8.0,158.0
2020-12-02,84.0,37.0,13.0,20.0,3.0,7.0,166.0
2020-12-03,70.0,23.0,15.0,18.0,3.0,6.0,158.0
2020-12-04,42.0,27.0,16.0,19.0,3.0,6.0,117.0
2020-12-05,50.0,43.0,19.0,26.0,4.0,7.0,137.0
2020-12-06,82.0,50.0,26.0,25.0,4.0,7.0,165.0
2020-12-07,100.0,40.0,17.0,26.0,4.0,8.0,174.0
2020-12-08,78.0,50.0,14.0,34.0,4.0,11.0,163.0
2020-12-09,103.0,55.0,24.0,38.0,6.0,11.0,176.0
2020-12-10,113.0,49.0,16.0,32.0,4.0,12.0,181.0
2020-12-11,103.0,37.0,13.0,28.0,4.0,9.0,176.0
2020-12-12,73.0,32.0,8.0,21.0,2.0,8.0,160.0
2020-12-13,63.0,26.0,5.0,16.0,2.0,8.0,155.0
2020-12-14,49.0,13.0,5.0,11.0,1.0,7.0,134.0
2020-12-15,25.0,13.0,6.0,9.0,2.0,6.0,78.0
2020-12-16,26.0,17.0,7.0,8.0,1.0,5.0,80.0
2020-12-17,34.0,20.0,8.0,8.0,1.0,5.0,97.0
2020-12-18,38.0,24.0,15.0,11.0,2.0,5.0,107.0
2020-12-19,47.0,26.0,20.0,12.0,3.0,4.0,129.0
2020-12-20,50.0,34.0,25.0,18.0,4.0,7.0,137.0
2020-12-21,66.0,48.0,25.0,28.0,4.0,9.0,156.0
2020-12-22,96.0,48.0,12.0,30.0,8.0,11.0,172.0
2020-12-23,98.0,37.0,16.0,23.0,4.0,9.0,173.0
2020-12-24,74.0,51.0,13.0,32.0,8.0,13.0,161.0
2020-12-25,107.0,48.0,5.0,28.0,6.0,13.0,178.0
2020-12-26,95.0,50.0,3.0,17.0,3.0,12.0,171.0
2020-12-27,102.0,27.0,6.0,16.0,2.0,12.0,175.0
2020-12-28,54.0,17.0,6.0,17.0,2.0,10.0,147.0
2020-12-29,33.0,24.0,14.0,16.0,3.0,9.0,96.0
2020-12-30,43.0,31.0,17.0,24.0,6.0,9.0,119.0
2020-12-31,58.0,43.0,29.0,23.0,6.0,10.0,152.0
2021-01-01,86.0,66.0,30.0,26.0,7.0,11.0,167.0
2021-01-02,143.0,63.0,18.0,23.0,7.0,9.0,196.0
2021-01-03,136.0,62.0,22.0,26.0,8.0,10.0,193.0
2021-01-04,138.0,72.0,12.0,27.0,7.0,14.0,194.0
2021-01-05,154.0,57.0,15.0,16.0,4.0,10.0,204.0
2021-01-06,125.0,49.0,7.0,15.0,4.0,10.0,187.0
2021-01-07,106.0,14.0,11.0,8.0,2.0,8.0,177.0
2021-01-08,29.0,22.0,12.0,11.0,4.0,6.0,87.0
2021-01-09,43.0,26.0,13.0,13.0,4.0,6.0,119.0
2021-01-10,52.0,32.0,17.0,14.0,4.0,7.0,142.0
2021-01-11,62.0,31.0,22.0,22.0,5.0,12.0,154.0
2021-01-12,60.0,50.0,17.0,28.0,10.0,14.0,176.0
2021-01-13,103.0,57.0,23.0,31.0,13.0,12.0,176.0
2021-01-14,122.0,62.0,4.0,30.0,6.0,17.0,211.0
2021-01-15,138.0,60.0,4.0,25.0,10.0,15.0,194.0
2021-01-16,135.0,47.0,12.0,13.0,4.0,8.0,192.0
2021-01-17,100.0,36.0,23.0,18.0,4.0,10.0,174.0
2021-01-18,73.0,42.0,16.0,27.0,7.0,13.0,160.0
2021-01-19,87.0,48.0,8.0,27.0,8.0,15.0,193.0
2021-01-20,100.0,68.0,4.0,15.0,4.0,18.0,218.0
2021-01-21,141.0,63.0,9.0,21.464285714285715,4.0,17.0,211.0
2021-01-22,133.0,63.0,6.0,21.464285714285715,4.0,14.0,191.0
2021-01-23,133.0,49.0,14.0,21.464285714285715,4.0,11.0,191.0
2021-01-24,102.0,35.0,7.0,25.0,3.0,14.0,176.0
2021-01-25,60.0,28.0,8.0,20.0,2.0,12.0,153.0
2021-01-26,39.0,24.0,10.0,23.0,3.0,12.0,143.0
2021-01-27,32.0,25.0,5.0,18.0,3.0,11.0,126.0
2021-01-28,37.0,36.0,2.0,18.0,5.0,10.0,109.0
2021-01-29,61.0,55.0,2.0,37.0,6.0,21.0,238.0
2021-01-30,101.0,51.0,3.0,23.0,8.0,15.0,193.0
2021-01-31,95.0,40.0,3.0,22.0,7.0,12.0,171.0
2021-02-01,57.0,36.0,7.0,26.0,9.0,12.0,152.0
2021-02-02,53.0,38.0,17.0,32.0,9.0,10.0,144.0
2021-02-03,55.0,41.0,15.0,37.0,9.0,13.0,159.0
2021-02-04,65.0,40.0,12.0,38.0,9.0,12.0,156.0
2021-02-05,62.0,39.0,18.0,35.0,9.0,10.0,154.0
2021-02-06,62.0,38.0,15.0,34.0,10.0,10.0,154.0
2021-02-07,62.0,37.0,19.0,25.0,9.0,8.0,154.0
2021-02-08,65.0,13.0,23.0,18.0,6.0,6.0,156.0
2021-02-09,26.0,33.0,25.0,24.0,9.0,10.0,109.0
2021-02-10,61.0,25.0,35.0,22.0,8.0,7.0,154.0
2021-02-11,46.0,25.0,30.0,21.0,8.0,6.0,127.0
2021-02-12,47.0,23.0,35.0,22.0,8.0,6.0,129.0
2021-02-13,43.0,21.0,28.0,25.0,8.0,6.0,119.0
2021-02-14,38.0,25.0,19.0,24.0,8.0,7.0,107.0
2021-02-15,48.0,28.0,16.0,24.0,8.0,7.0,132.0
2021-02-16,53.0,25.0,17.0,20.0,8.0,7.0,144.0
2021-02-17,46.0,33.0,16.0,13.0,10.0,9.0,127.0
2021-02-18,60.0,42.0,24.0,13.0,11.0,13.0,159.0
2021-02-19,77.0,37.0,34.0,11.0,11.0,8.0,162.0
2021-02-20,70.0,29.0,35.0,10.0,10.0,6.0,158.0
2021-02-21,52.0,23.0,17.0,10.0,8.0,8.0,142.0
2021-02-22,42.0,23.0,16.0,8.0,7.0,10.0,117.0
2021-02-23,43.0,19.0,21.0,1.0,6.0,5.0,119.0
2021-02-24,32.0,21.0,12.0,1.0,6.0,6.0,93.0
2021-02-25,34.0,20.0,8.0,2.0,6.0,10.0,109.0
2021-02-26,33.0,26.0,7.0,1.0,6.0,7.0,95.0
2021-02-27,47.0,26.0,5.0,2.0,7.0,10.0,129.0
2021-02-28,51.0,23.0,6.0,6.0,7.0,15.0,193.0
2021-03-01,44.0,22.0,7.0,16.0,7.0,10.0,122.0
2021-03-02,35.0,36.0,7.0,16.0,7.0,12.0,143.0
2021-03-03,65.0,30.0,7.0,15.0,7.0,13.0,159.0
2021-03-04,59.0,19.0,6.0,16.0,7.0,16.0,204.0
2021-03-05,37.0,20.0,12.0,16.0,7.0,11.0,126.0
2021-03-06,38.0,20.0,14.0,16.0,7.0,9.0,107.0
2021-03-07,37.0,20.0,13.0,16.0,7.0,13.0,159.0
2021-03-08,39.0,10.0,8.0,15.0,7.0,7.0,110.0
2021-03-09,21.0,10.0,12.0,15.0,7.0,6.0,70.0
2021-03-10,20.0,11.0,10.0,15.0,7.0,8.0,86.0
2021-03-11,22.0,11.0,12.0,16.0,7.0,8.0,86.0
2021-03-12,20.0,12.0,10.0,16.0,7.0,11.0,126.0
2021-03-13,24.0,12.0,16.0,16.0,7.0,8.0,86.0
2021-03-14,24.0,8.0,15.0,15.0,7.0,6.0,76.0
2021-03-15,16.0,9.0,12.0,15.0,7.0,10.0,109.0
2021-03-16,17.0,8.0,11.0,15.0,7.0,8.0,86.0
2021-03-17,16.0,7.0,10.0,15.0,7.0,11.0,126.0
2021-03-18,15.0,5.0,10.0,14.0,7.0,8.0,86.0
2021-03-19,10.0,3.0,11.0,14.0,7.0,9.0,96.0
2021-03-20,7.0,3.0,16.0,14.0,7.0,5.0,56.0
2021-03-21,5.0,33.0,19.0,15.0,7.0,6.0,66.0
2021-03-22,51.0,61.0,24.0,17.0,9.0,8.0,139.0
2021-03-23,81.0,63.0,9.0,18.0,11.0,12.0,164.0
2021-03-24,101.0,58.0,11.0,18.0,8.0,17.0,211.0
2021-03-25,113.0,34.0,9.0,16.0,7.0,10.0,181.0
2021-03-26,59.0,22.0,9.0,15.0,7.0,8.0,153.0
2021-03-27,38.0,25.0,7.0,15.0,7.0,10.0,109.0
2021-03-28,42.0,39.0,11.0,15.0,7.0,11.0,126.0
2021-03-29,63.0,43.0,14.0,16.0,7.0,14.0,176.0
2021-03-30,67.0,49.0,13.0,16.0,7.0,13.0,159.0
2021-03-31,74.0,37.0,15.0,15.0,7.0,12.0,161.0
2021-04-01,54.0,28.0,16.0,15.0,7.0,12.0,147.0
2021-04-02,44.0,34.0,16.0,15.0,8.0,11.0,126.0
2021-04-03,53.0,43.0,16.0,16.0,8.0,11.0,144.0
2021-04-04,66.0,41.0,9.0,16.0,8.0,14.0,176.0
2021-04-05,63.0,44.0,22.0,16.0,8.0,10.0,155.0
2021-04-06,70.0,31.0,20.0,16.0,7.0,9.0,158.0
2021-04-07,44.0,32.0,18.0,15.0,8.0,10.0,122.0
2021-04-08,44.0,30.0,10.0,15.0,8.0,7.0,122.0
2021-04-09,46.0,43.0,9.0,14.0,8.0,9.0,127.0
2021-04-10,77.0,44.0,13.0,15.0,8.0,10.0,162.0
2021-04-11,78.0,28.0,16.0,14.0,8.0,5.0,163.0
2021-04-12,37.0,23.0,18.0,15.0,8.0,7.0,105.0
2021-04-13,33.0,24.0,18.0,14.0,8.0,7.0,95.0
2021-04-14,33.0,24.0,21.0,14.0,8.0,8.0,95.0
2021-04-15,35.0,26.0,21.0,14.0,8.0,8.0,99.0
2021-04-16,36.0,20.0,18.0,14.0,7.0,6.0,102.0
2021-04-17,33.0,35.0,9.0,15.0,9.0,9.0,96.0
2021-04-18,57.0,27.0,16.0,15.0,8.0,8.0,152.0
2021-04-19,41.0,21.0,22.0,14.0,8.0,5.0,115.0
2021-04-20,28.0,22.0,24.0,13.0,7.0,4.0,84.0
2021-04-21,29.0,24.0,25.0,14.0,8.0,6.0,87.0
2021-04-22,31.0,23.0,24.0,14.0,8.0,6.0,91.0
2021-04-23,32.0,27.0,24.0,14.0,8.0,5.0,93.0
2021-04-24,39.0,32.0,26.0,15.0,8.0,9.0,110.0
2021-04-25,54.0,27.0,22.0,16.0,8.0,9.0,147.0
2021-04-26,48.0,22.0,10.0,16.0,10.0,9.0,132.0
2021-04-27,32.0,22.0,16.0,15.0,9.0,6.0,93.0
2021-04-28,36.0,15.0,38.0,16.0,9.0,5.0,102.0
2021-04-29,19.0,29.0,18.464285714285715,14.821428571428571,8.035714285714286,8.035714285714286,86.0
2021-04-30,44.55172413793103,29.0,18.464285714285715,14.821428571428571,8.035714285714286,8.035714285714286,123.0
2021-05-01,23.62962962962963,17.344827586206897,26.482758620689655,14.344827586206897,8.344827586206897,5.0344827586206895,75.0
2021-05-02,23.62962962962963,17.344827586206897,26.482758620689655,14.344827586206897,8.344827586206897,5.0344827586206895,75.0
2021-05-03,23.62962962962963,19.0,18.0,14.0,7.0,4.0,75.0
2021-05-04,24.0,18.0,25.0,16.0,8.0,7.0,76.0
2021-05-05,29.0,30.0,24.0,16.0,8.0,7.0,87.0
2021-05-06,40.0,27.0,22.0,15.0,8.0,6.0,112.0
2021-05-07,39.0,25.0,21.0,14.0,8.0,5.0,110.0
2021-05-08,33.0,20.0,23.0,14.0,8.0,4.0,95.0
2021-05-09,28.0,23.0,25.0,14.0,8.0,4.0,84.0
2021-05-10,34.0,25.0,32.0,15.0,8.0,7.0,97.0
2021-05-11,36.0,23.0,25.0,15.0,8.0,6.0,102.0
2021-05-12,32.0,23.0,26.0,15.0,8.0,5.0,93.0
2021-05-13,36.0,16.0,24.0,15.0,8.0,4.0,102.0
2021-05-14,24.0,17.0,25.0,13.0,8.0,3.0,76.0
2021-05-15,24.0,20.0,31.0,13.0,8.0,4.0,76.0
2021-05-16,29.0,16.0,31.0,13.0,8.0,4.0,87.0
2021-05-17,22.0,14.0,30.0,13.0,8.0,4.0,72.0
2021-05-18,18.0,19.0,24.0,14.0,8.0,5.0,63.0
2021-05-19,24.0,19.0,29.0,15.0,8.0,6.0,76.0
2021-05-20,24.0,19.0,27.0,14.0,8.0,5.0,76.0
2021-05-21,26.0,17.0,33.0,13.0,9.0,4.0,80.0
2021-05-22,24.0,16.0,40.0,13.0,9.0,4.0,76.0
2021-05-23,22.0,9.0,35.0,16.0,9.0,4.0,72.0
2021-05-24,14.0,8.0,15.0,14.0,9.0,5.0,56.0
2021-05-25,7.0,8.0,24.0,14.0,9.0,6.0,66.0
2021-05-26,7.0,8.0,25.0,14.0,9.0,6.0,66.0
2021-05-27,7.0,7.0,24.0,15.0,9.0,6.0,66.0
2021-05-28,23.62962962962963,9.0,24.0,14.0,9.0,4.0,75.0
2021-05-29,7.0,7.0,32.0,14.0,9.0,5.0,56.0
2021-05-30,8.0,19.0,29.0,16.0,9.0,6.0,66.0
2021-05-31,20.0,22.0,25.0,15.0,9.0,6.0,68.0
2021-06-01,24.0,25.0,32.0,15.0,9.0,6.0,76.0
2021-06-02,31.0,25.0,30.0,14.0,9.0,6.0,91.0
2021-06-03,32.0,19.0,22.0,15.0,10.0,3.0,93.0
2021-06-04,23.0,31.0,35.0,16.0,12.0,6.0,74.0
2021-06-05,44.0,49.0,27.0,16.0,10.0,7.0,122.0
2021-06-06,84.0,24.0,24.0,17.0,10.0,7.0,166.0
2021-06-07,38.0,18.0,24.0,17.0,10.0,7.0,107.0
2021-06-08,30.0,16.0,23.0,18.0,9.0,7.0,89.0
2021-06-09,26.0,16.0,25.0,17.0,10.0,10.0,109.0
2021-06-10,23.0,17.0,25.0,18.0,9.0,9.0,96.0
2021-06-11,22.0,16.0,22.0,15.0,10.0,4.0,72.0
2021-06-12,25.0,7.0,22.0,14.0,10.0,4.0,78.0
2021-06-13,10.0,11.0,23.0,15.0,10.0,5.0,56.0
2021-06-14,13.0,16.0,23.0,16.0,10.0,7.0,76.0
2021-06-15,16.0,16.0,24.0,16.0,8.0,7.0,76.0
2021-06-16,19.0,9.0,29.0,16.0,5.0,7.0,76.0
2021-06-17,7.0,15.0,31.0,16.0,7.0,6.0,66.0
2021-06-18,13.0,14.0,26.0,15.0,7.0,5.0,56.0
2021-06-19,13.0,19.0,22.0,14.0,7.0,5.0,56.0
2021-06-20,16.0,23.0,27.0,14.0,7.0,6.0,66.0
2021-06-21,21.0,25.0,29.0,14.0,7.0,5.0,70.0
2021-06-22,32.0,14.0,24.0,13.0,7.0,6.0,93.0
2021-06-23,18.0,20.0,23.0,14.0,7.0,10.0,109.0
2021-06-24,27.0,22.0,21.0,13.0,7.0,10.0,109.0
2021-06-25,27.0,16.0,23.0,11.0,8.0,7.0,82.0
2021-06-26,18.0,14.0,22.0,11.0,7.0,5.0,63.0
2021-06-27,16.0,16.0,22.0,11.0,7.0,6.0,66.0
2021-06-28,12.0,17.0,20.0,11.0,8.0,7.0,76.0
2021-06-29,14.0,16.0,21.0,11.0,8.0,6.0,66.0
2021-06-30,14.0,17.0,20.0,11.0,7.0,5.0,56.0
2021-07-01,14.0,15.0,19.0,11.0,8.0,5.0,56.0
2021-07-02,12.0,17.0,23.0,10.0,8.0,5.0,56.0
2021-07-03,18.0,15.0,22.0,10.0,8.0,6.0,66.0
2021-07-04,18.0,11.0,21.0,11.0,8.0,7.0,76.0
2021-07-05,13.0,16.0,25.0,11.0,8.0,9.0,96.0
2021-07-06,19.0,16.0,21.0,11.0,8.0,6.0,66.0
2021-07-07,22.0,9.0,20.0,11.0,7.0,10.0,109.0
2021-07-08,14.0,11.0,17.0,11.0,8.0,7.0,76.0
2021-07-09,15.0,14.0,17.0,11.0,8.0,7.0,76.0
2021-07-10,18.0,12.0,17.0,11.0,8.0,5.0,63.0
2021-07-11,16.0,13.0,18.0,17.0,9.0,5.0,59.0
2021-07-12,17.0,12.0,18.0,16.0,9.0,3.0,61.0
2021-07-13,16.0,12.0,18.0,16.0,9.0,4.0,59.0
2021-07-14,16.0,10.0,18.0,17.0,8.0,5.0,59.0
2021-07-15,13.0,15.0,18.0,21.0,9.0,7.0,76.0
2021-07-16,19.0,15.0,17.0,21.0,9.0,5.0,66.0
2021-07-17,19.0,12.0,19.0,21.0,8.0,6.0,66.0
2021-07-18,18.0,23.0,16.0,26.0,9.0,8.0,86.0
2021-07-19,35.0,20.0,26.0,22.0,8.0,5.0,99.0
2021-07-20,33.0,12.0,24.0,18.0,8.0,4.0,95.0
2021-07-21,20.0,22.0,20.0,23.0,8.0,7.0,76.0
2021-07-22,35.0,10.0,18.0,17.0,8.0,6.0,99.0
2021-07-23,18.0,13.0,19.0,13.0,8.0,4.0,63.0
2021-07-24,21.0,15.0,28.0,14.0,8.0,3.0,70.0
2021-07-25,23.0,13.0,40.0,12.0,8.0,3.0,74.0
2021-07-26,21.0,9.0,29.0,12.0,8.0,3.0,70.0
2021-07-27,14.0,13.0,28.0,13.0,8.0,3.0,55.0
2021-07-28,22.0,18.0,28.0,14.0,8.0,4.0,72.0
2021-07-29,34.0,21.0,32.0,16.0,8.0,4.0,97.0
2021-07-30,38.0,14.0,31.0,17.0,9.0,3.0,107.0
2021-07-31,24.0,6.0,22.0,11.0,8.0,2.0,76.0
2021-08-01,10.0,12.0,29.0,20.0,9.0,3.0,42.0
2021-08-02,20.0,15.0,39.0,21.0,9.0,3.0,68.0
2021-08-03,26.0,21.0,37.0,12.0,9.0,4.0,80.0
2021-08-04,39.0,21.0,34.0,15.0,9.0,4.0,110.0
2021-08-05,38.0,23.0,26.0,14.0,9.0,4.0,107.0
2021-08-06,41.0,13.0,29.0,13.0,10.0,3.0,115.0
2021-08-07,22.0,24.0,25.0,14.0,9.0,4.0,72.0
2021-08-08,44.0,41.0,24.0,16.0,9.0,5.0,122.0
2021-08-09,77.0,16.0,20.0,17.0,9.0,4.0,162.0
2021-08-10,32.0,19.0,20.0,13.0,9.0,4.0,93.0
2021-08-11,36.0,21.0,21.0,15.0,9.0,4.0,102.0
2021-08-12,41.0,23.0,20.0,16.0,10.0,4.0,115.0
2021-08-13,42.0,26.0,23.0,13.0,9.0,3.0,117.0
2021-08-14,50.0,9.0,21.0,14.0,9.0,3.0,137.0
2021-08-15,22.0,14.0,22.0,15.0,9.0,4.0,72.0
2021-08-16,17.0,1.0,24.0,11.0,9.0,3.0,61.0
2021-08-17,2.0,1.0,22.0,14.0,9.0,3.0,34.0
2021-08-18,2.0,53.0,21.0,15.0,10.0,3.0,49.0
2021-08-19,84.0,22.0,24.0,13.0,9.0,3.0,166.0
2021-08-20,40.0,33.0,25.0,11.0,9.0,2.0,112.0
2021-08-21,57.0,62.0,24.0,9.0,9.0,2.0,152.0
2021-08-22,116.0,20.0,24.0,14.0,10.0,3.0,182.0
2021-08-23,28.0,17.0,22.0,14.0,9.0,4.0,84.0
2021-08-24,26.0,10.0,20.0,11.0,9.0,3.0,80.0
2021-08-25,15.0,11.0,19.0,14.0,9.0,4.0,57.0
2021-08-26,16.0,10.0,21.0,14.0,10.0,3.0,59.0
2021-08-27,16.0,8.0,25.0,13.0,9.0,2.0,59.0
2021-08-28,13.0,19.333333333333332,31.0,13.0,11.0,2.0,53.0
2021-08-29,33.53333333333333,7.0,23.0,11.0,10.0,3.0,96.0
2021-08-30,15.0,12.0,27.0,15.0,9.0,3.0,57.0
2021-08-31,19.0,15.0,35.0,15.0,10.0,3.0,66.0
2021-09-01,23.0,13.0,28.0,10.0,9.0,2.0,74.0
2021-09-02,22.0,17.0,27.0,12.0,10.0,3.0,72.0
2021-09-03,27.0,12.0,28.0,11.0,9.0,3.0,82.0
2021-09-04,21.0,7.0,21.0,11.0,9.0,3.0,70.0
2021-09-05,11.0,14.0,36.0,14.0,9.0,3.0,46.0
2021-09-06,22.0,19.0,20.0,15.0,9.0,4.0,72.0
2021-09-07,32.0,12.0,20.0,13.0,9.0,4.0,93.0
2021-09-08,20.0,4.0,27.0,14.0,9.0,4.0,68.0
2021-09-09,7.0,10.0,36.0,15.0,9.0,5.0,56.0
2021-09-10,16.0,16.0,59.0,14.0,9.0,4.0,64.0
2021-09-11,26.0,26.0,105.0,14.0,10.0,4.0,200.0
2021-09-12,42.0,27.0,36.0,15.0,9.0,5.0,117.0
2021-09-13,44.0,15.0,22.0,14.0,9.0,4.0,122.0
2021-09-14,26.0,12.0,19.0,16.0,9.0,5.0,80.0
2021-09-15,19.0,16.0,19.0,19.0,9.0,7.0,76.0
2021-09-16,25.0,9.0,20.0,15.0,9.0,6.0,78.0
2021-09-17,14.0,12.0,19.0,14.0,10.0,4.0,55.0
2021-09-18,19.0,12.0,20.0,11.0,9.0,3.0,66.0
2021-09-19,19.0,19.0,33.0,15.0,10.0,4.0,66.0
2021-09-20,31.0,24.0,29.0,20.0,11.0,7.0,91.0
2021-09-21,38.0,19.0,19.0,21.0,12.0,6.0,107.0
2021-09-22,29.0,17.0,26.0,21.0,11.0,6.0,87.0
2021-09-23,28.0,15.0,17.0,14.0,10.0,4.0,84.0
2021-09-24,25.0,11.0,18.0,15.0,9.0,6.0,78.0
2021-09-25,19.0,15.0,21.0,14.0,9.0,5.0,66.0
2021-09-26,27.0,14.0,34.0,19.0,9.0,7.0,82.0
2021-09-27,22.0,23.0,37.0,19.0,10.0,6.0,72.0
2021-09-28,36.0,27.0,56.0,22.0,11.0,7.0,102.0
2021-09-29,44.0,23.0,48.0,21.0,11.0,7.0,122.0
2021-09-30,37.0,20.0,20.0,21.0,11.0,8.0,105.0
2021-10-01,33.0,18.0,19.0,16.0,10.0,6.0,95.0
2021-10-02,29.0,23.0,32.0,19.0,10.0,7.0,87.0
2021-10-03,36.0,16.0,31.0,21.0,10.0,8.0,102.0
2021-10-04,27.0,17.0,26.0,21.0,10.0,7.0,82.0
2021-10-05,27.0,51.0,35.0,22.0,10.0,7.0,82.0
2021-10-06,89.0,53.0,44.0,21.0,10.0,8.0,168.0
2021-10-07,99.0,38.0,42.0,16.0,10.0,4.0,173.0
2021-10-08,65.0,25.0,22.0,13.0,10.0,4.0,156.0
2021-10-09,43.0,9.0,22.0,6.0,9.0,2.0,119.0
2021-10-10,17.0,10.0,19.0,11.0,9.0,4.0,61.0
2021-10-11,19.0,15.0,32.0,9.0,10.0,3.0,66.0
2021-10-12,23.0,16.0,13.0,13.0,10.0,3.0,74.0
2021-10-13,24.0,9.0,15.0,9.0,9.0,2.0,76.0
2021-10-14,15.0,9.0,12.0,11.0,9.0,3.0,57.0
2021-10-15,16.0,10.0,17.0,11.0,9.0,4.0,59.0
2021-10-16,18.0,9.0,16.0,10.0,10.0,3.0,63.0
2021-10-17,14.0,11.0,9.0,12.0,10.033333333333333,4.0,55.0
2021-10-18,21.0,30.0,12.0,25.0,9.0,10.0,109.0
2021-10-19,51.0,43.0,21.0,28.0,10.0,9.0,139.0
2021-10-20,80.0,26.0,17.0,14.0,10.0,5.0,164.0
2021-10-21,43.0,17.0,23.0,13.0,10.0,4.0,119.0
2021-10-22,26.0,36.0,36.0,22.0,10.0,5.0,80.0
2021-10-23,61.0,42.0,43.0,20.0,10.0,5.0,154.0
2021-10-24,73.0,51.0,56.0,33.0,11.0,11.0,160.0
2021-10-25,93.0,67.0,66.0,39.0,14.0,11.0,170.0
2021-10-26,130.0,56.0,66.0,35.0,11.0,10.0,189.0
2021-10-27,107.0,55.0,21.0,27.0,11.0,7.0,178.0
2021-10-28,109.0,18.0,21.0,17.0,10.0,5.0,179.0
2021-10-29,35.0,10.0,18.0,11.0,10.0,4.0,99.0
2021-10-30,19.0,22.0,13.0,13.0,10.0,6.0,66.0
2021-10-31,41.0,15.0,9.0,14.0,10.0,6.0,115.0
2021-11-01,29.0,21.0,8.0,15.0,10.0,7.0,87.0
2021-11-02,39.0,36.0,11.0,27.0,11.0,12.0,143.0
2021-11-03,63.0,28.0,13.0,23.0,10.0,7.0,155.0
2021-11-04,45.0,27.0,13.0,19.0,10.0,5.0,124.0
2021-11-05,43.0,27.0,8.0,19.0,10.0,5.0,119.0
2021-11-06,41.0,30.0,9.0,20.0,10.0,7.0,115.0
2021-11-07,46.0,20.0,14.0,11.0,10.0,3.0,127.0
2021-11-08,34.0,39.0,19.0,23.0,12.0,5.0,97.0
2021-11-09,63.0,36.0,22.0,23.0,11.0,5.0,155.0
2021-11-10,62.0,52.0,23.0,30.0,12.0,7.0,154.0
2021-11-11,96.0,53.0,24.0,24.0,13.0,5.0,172.0
2021-11-12,99.0,39.0,25.0,19.0,11.0,4.0,173.0
2021-11-13,69.0,57.0,27.0,25.0,12.0,7.0,158.0
2021-11-14,116.0,66.0,16.0,40.0,16.0,9.0,182.0
2021-11-15,133.0,71.0,9.0,35.0,13.0,8.0,191.0
2021-11-16,152.0,52.0,8.0,18.0,11.0,6.0,202.0
2021-11-17,110.0,21.0,16.0,12.0,10.0,4.0,179.0
2021-11-18,37.0,57.0,9.0,41.0,13.0,13.0,159.0
2021-11-19,111.0,51.0,10.0,22.0,10.0,7.0,180.0
2021-11-20,102.0,34.0,10.0,17.0,10.0,5.0,175.0
2021-11-21,57.0,24.0,13.0,14.0,11.0,4.0,152.0
2021-11-22,36.0,30.0,13.0,13.0,10.0,3.0,102.0
2021-11-23,51.0,38.0,15.0,16.0,11.0,6.0,139.0
2021-11-24,64.0,51.0,11.0,27.0,11.0,9.0,155.0
2021-11-25,96.0,57.0,16.0,27.0,11.0,8.0,172.0
2021-11-26,115.0,54.0,28.0,23.0,12.0,5.0,182.0
2021-11-27,104.0,74.0,8.0,24.0,14.0,7.0,176.0
2021-11-28,157.0,55.0,27.0,53.0,12.0,17.0,211.0
2021-11-29,103.0,53.0,23.0,25.0,16.0,6.0,176.0
2021-11-30,100.0,46.0,26.0,27.0,13.0,7.0,174.0
2021-12-01,86.0,61.0,29.0,34.0,15.0,9.0,167.0
2021-12-02,124.0,64.0,26.0,41.0,13.0,14.0,186.0
2021-12-03,129.0,53.0,26.0,50.0,14.0,16.0,204.0
2021-12-04,108.0,61.0,30.0,39.0,13.0,9.0,178.0
2021-12-05,132.0,70.0,29.0,41.0,13.0,12.0,190.0
2021-12-06,144.0,71.0,24.0,42.0,17.0,10.0,197.0
2021-12-07,144.0,73.0,22.0,48.0,17.0,11.0,197.0
2021-12-08,149.0,73.0,17.0,31.0,12.0,7.0,199.0
2021-12-09,154.0,75.0,20.0,34.0,14.0,8.0,204.0
2021-12-10,153.0,62.0,17.0,39.0,11.0,10.0,203.0
2021-12-11,128.0,61.0,24.0,25.0,12.0,7.0,188.0
2021-12-12,124.0,34.0,14.0,22.0,12.0,7.0,186.0
2021-12-13,64.0,65.0,38.0,34.0,13.0,10.0,155.0
2021-12-14,141.0,69.0,14.0,45.0,16.0,13.0,195.0
2021-12-15,150.0,62.0,17.0,43.0,12.0,15.0,200.0
2021-12-16,131.0,57.0,17.0,27.0,12.0,8.0,190.0
2021-12-17,114.0,39.0,18.0,20.0,12.0,5.0,181.0
2021-12-18,74.0,55.0,14.0,26.0,13.0,6.0,161.0
2021-12-19,113.0,62.0,17.0,28.0,15.0,7.0,181.0
2021-12-20,130.0,57.0,15.0,32.0,12.0,8.0,189.0
2021-12-21,115.0,74.0,17.0,41.0,12.0,10.0,182.0
2021-12-22,152.0,55.0,15.0,41.0,14.0,9.0,202.0
2021-12-23,116.0,51.0,13.0,40.0,14.0,11.0,182.0
2021-12-24,109.0,52.0,10.0,38.0,14.0,10.0,179.0
2021-12-25,114.0,49.0,10.0,27.0,15.0,7.0,181.0
2021-12-26,98.0,17.0,3.0,12.0,11.0,5.0,173.0
2021-12-27,32.0,20.0,11.0,18.0,12.0,5.0,93.0
2021-12-28,37.0,32.0,6.0,18.0,12.0,5.0,105.0
2021-12-29,57.0,41.0,11.0,15.0,11.0,5.0,152.0
2021-12-30,73.0,54.0,7.0,18.0,11.0,7.0,160.0
2021-12-31,102.0,65.0,7.0,16.0,13.0,6.0,175.0
2022-01-01,137.0,58.0,14.0,25.0,12.0,9.0,193.0
2022-01-02,103.0,95.0,8.0,35.0,12.0,11.0,176.0
2022-01-03,179.0,98.0,13.0,42.0,12.0,14.0,229.0
2022-01-04,174.0,58.0,8.0,34.0,12.0,10.0,224.0
2022-01-05,102.0,45.0,8.0,27.0,12.0,8.0,175.0
2022-01-06,74.0,51.0,12.0,33.0,13.0,8.0,161.0
2022-01-07,87.0,55.0,11.0,31.0,14.0,8.0,167.0
2022-01-08,102.0,48.0,5.0,15.0,12.0,6.0,175.0
2022-01-09,90.0,41.0,4.0,13.0,11.0,7.0,169.0
2022-01-10,80.0,41.0,12.0,23.0,12.0,8.0,164.0
2022-01-11,71.0,62.0,4.0,38.0,16.0,13.0,159.0
2022-01-12,119.0,58.0,6.0,23.0,13.0,7.0,184.0
2022-01-13,116.0,74.0,3.0,37.0,16.0,13.0,182.0
2022-01-14,153.0,69.0,5.0,33.0,12.0,11.0,203.0
2022-01-15,144.0,61.0,6.0,28.0,12.0,11.0,197.0
2022-01-16,124.0,18.0,6.0,12.0,11.0,5.0,186.0
2022-01-17,33.0,45.0,19.0,26.0,13.0,9.0,96.0
2022-01-18,78.0,53.0,17.0,29.0,14.0,8.0,163.0
2022-01-19,97.0,57.0,7.0,36.0,13.0,11.0,172.0
2022-01-20,114.0,62.0,3.0,34.0,15.0,10.0,181.0
2022-01-21,131.0,56.0,4.0,30.0,12.0,12.0,190.0
2022-01-22,112.0,54.0,7.0,28.0,12.0,11.0,180.0
2022-01-23,102.0,34.0,7.0,27.0,12.0,9.0,175.0
2022-01-24,59.0,29.0,7.0,22.0,11.0,9.0,153.0
2022-01-25,54.0,27.0,7.0,24.0,11.0,9.0,147.0
2022-01-26,49.0,26.0,8.0,21.0,11.0,7.0,134.0
2022-01-27,47.0,28.0,10.0,21.0,11.0,6.0,129.0
2022-01-28,47.0,32.0,9.0,15.0,11.0,7.0,129.0
2022-01-29,59.0,27.0,10.0,12.0,11.0,7.0,153.0
2022-01-30,51.0,20.0,12.0,8.0,11.0,5.0,139.0
2022-01-31,37.0,19.0,12.0,6.0,11.0,4.0,105.0
2022-02-01,36.0,13.0,9.0,6.0,11.0,4.0,102.0
2022-02-02,25.0,18.0,14.0,8.0,11.0,4.0,78.0
2022-02-03,33.0,31.0,16.0,11.0,11.0,5.0,95.0
2022-02-04,57.0,41.0,16.0,17.0,11.0,5.0,152.0
2022-02-05,79.0,51.0,13.0,18.0,11.0,7.0,163.0
2022-02-06,104.0,50.0,9.0,19.0,12.0,7.0,176.0
2022-02-07,99.0,28.0,6.0,19.0,11.0,8.0,173.0
2022-02-08,58.0,11.0,5.0,12.0,11.0,6.0,152.0
2022-02-09,21.0,22.0,4.0,17.0,12.0,6.0,70.0
2022-02-10,42.0,36.0,4.0,23.0,12.0,9.0,117.0
2022-02-11,70.0,28.0,4.0,15.0,12.0,7.0,158.0
2022-02-12,55.0,12.0,7.0,10.0,11.0,4.0,149.0
2022-02-13,24.0,28.0,11.0,23.0,12.0,8.0,86.0
2022-02-14,54.0,48.0,7.0,26.0,15.0,8.0,147.0
2022-02-15,95.0,54.0,4.0,25.0,12.0,11.0,171.0
2022-02-16,106.0,52.0,4.0,39.0,12.0,12.0,177.0
2022-02-17,101.0,33.0,4.0,29.0,12.0,11.0,174.0
2022-02-18,61.0,8.0,11.0,11.0,11.0,4.0,154.0
2022-02-19,15.0,9.0,14.0,9.0,11.0,3.0,57.0
2022-02-20,17.0,14.0,13.0,12.0,11.0,4.0,61.0
2022-02-21,27.0,16.0,12.0,10.0,11.0,4.0,82.0
2022-02-22,29.0,29.0,17.0,16.0,12.0,4.0,87.0
2022-02-23,52.0,49.0,19.0,23.0,13.0,5.0,142.0
2022-02-24,85.0,72.0,17.0,36.0,14.0,7.0,166.0
2022-02-25,137.0,78.0,19.0,39.0,15.0,8.0,193.0
2022-02-26,154.0,89.0,23.0,35.0,13.0,8.0,204.0
2022-02-27,172.0,75.0,15.0,37.0,14.0,9.0,222.0
2022-02-28,146.0,63.0,14.0,37.0,13.0,9.0,198.0
2022-03-01,130.0,55.0,15.0,34.0,13.0,9.0,189.0
2022-03-02,110.0,54.0,9.0,30.0,14.0,8.0,179.0
2022-03-03,105.0,35.0,7.0,25.0,12.0,8.0,177.0
2022-03-04,60.0,33.0,5.0,26.0,12.0,8.0,153.0
2022-03-05,60.0,28.0,5.0,22.0,12.0,7.0,153.0
2022-03-06,51.0,30.0,14.0,32.0,12.0,13.0,159.0
2022-03-07,52.0,44.0,19.0,34.0,12.0,9.0,142.0
2022-03-08,84.0,38.0,15.0,34.0,13.0,7.0,166.0
2022-03-09,61.0,31.0,7.0,32.0,13.0,7.0,154.0
2022-03-10,51.0,30.0,7.0,33.0,12.0,8.0,139.0
2022-03-11,50.0,23.0,8.0,21.0,12.0,4.0,137.0
2022-03-12,38.0,22.0,7.0,23.0,12.0,5.0,107.0
2022-03-13,36.0,25.0,7.0,27.0,12.0,8.0,102.0
2022-03-14,41.0,52.0,11.0,35.0,12.0,9.0,115.0
2022-03-15,93.0,40.0,7.0,26.0,12.0,7.0,170.0
2022-03-16,69.0,36.0,8.0,24.0,12.0,9.0,158.0
2022-03-17,61.0,51.0,9.0,29.0,13.0,10.0,154.0
2022-03-18,93.0,34.0,8.0,21.0,12.0,7.0,170.0
2022-03-19,59.0,39.0,7.0,16.0,12.0,4.0,153.0
2022-03-20,64.0,41.0,9.0,21.0,12.0,7.0,155.0
2022-03-21,70.0,40.0,11.0,25.0,12.0,9.0,158.0
2022-03-22,69.0,17.0,9.0,15.0,12.0,4.0,158.0
2022-03-23,32.0,40.0,7.0,24.0,13.0,9.0,96.0
2022-03-24,70.0,38.0,6.0,28.0,12.0,11.0,158.0
2022-03-25,69.0,51.0,19.0,27.0,12.0,9.0,158.0
2022-03-26,94.0,29.0,9.0,21.0,14.0,5.0,171.0
2022-03-27,50.0,36.0,7.0,28.0,13.0,8.0,137.0
2022-03-28,62.0,53.0,3.0,39.0,16.0,12.0,154.0
2022-03-29,99.0,49.0,6.0,31.0,13.0,10.0,173.0
2022-03-30,98.0,28.0,10.0,30.0,13.0,9.0,173.0
2022-03-31,51.0,6.0,18.0,12.0,12.0,3.0,139.0
2022-04-01,13.0,11.0,23.0,14.0,13.0,3.0,53.0
2022-04-02,18.0,27.0,24.0,20.0,14.0,5.0,63.0
2022-04-03,45.0,44.0,21.0,33.0,16.0,6.0,124.0
2022-04-04,77.0,56.0,27.0,36.0,17.0,7.0,162.0
2022-04-05,103.0,61.0,36.0,38.0,15.0,9.0,176.0
2022-04-06,121.0,57.0,29.0,31.0,17.0,7.0,185.0
2022-04-07,115.0,54.0,35.0,41.0,18.0,9.0,182.0
2022-04-08,109.0,36.0,21.0,30.0,14.0,6.0,179.0
2022-04-09,66.0,24.0,13.0,26.0,13.0,6.0,156.0
2022-04-10,46.0,26.0,6.0,29.0,13.0,9.0,127.0
2022-04-11,50.0,21.0,6.0,21.0,12.0,6.0,137.0
2022-04-12,39.0,23.0,17.0,28.0,15.0,8.0,110.0
2022-04-13,44.0,23.0,8.0,26.0,13.0,8.0,122.0
2022-04-14,44.0,21.0,8.0,21.0,12.0,7.0,122.0
2022-04-15,41.0,14.0,7.0,23.0,12.0,6.0,115.0
2022-04-16,27.0,12.0,4.0,12.0,12.0,4.0,82.0
2022-04-17,25.0,10.0,6.0,16.0,12.0,5.0,78.0
2022-04-18,18.0,20.0,19.0,21.0,15.0,6.0,66.0
2022-04-19,39.0,35.0,19.0,29.0,17.0,11.0,126.0
2022-04-20,66.0,35.0,18.0,27.0,17.0,11.0,156.0
2022-04-21,68.0,18.0,9.0,17.0,15.0,6.0,157.0
2022-04-22,35.0,20.0,8.0,17.0,15.0,8.0,99.0
2022-04-23,38.0,19.0,9.0,12.0,14.0,5.0,107.0
2022-04-24,37.0,24.0,8.0,19.0,15.0,9.0,105.0
2022-04-25,45.0,23.0,7.0,20.0,15.0,9.0,124.0
2022-04-26,43.0,18.0,7.0,17.0,15.0,8.0,119.0
2022-04-27,35.0,16.0,7.0,13.0,14.0,6.0,99.0
2022-04-28,32.0,24.0,7.0,16.0,15.0,11.0,126.0
2022-04-29,46.0,19.0,6.0,14.0,14.0,5.0,127.0
2022-04-30,36.0,9.0,7.0,9.0,13.0,3.0,102.0
2022-05-01,16.0,12.0,9.0,14.0,13.0,4.0,59.0
2022-05-02,23.0,23.0,9.0,20.0,13.0,5.0,74.0
2022-05-03,43.0,33.0,15.0,27.0,13.0,7.0,119.0
2022-05-04,66.0,37.0,14.0,31.0,13.0,8.0,156.0
2022-05-05,62.0,59.0,12.0,28.0,14.0,9.0,154.0
2022-05-06,102.0,31.0,6.0,18.0,13.0,7.0,175.0
2022-05-07,49.0,25.0,6.0,14.0,13.0,6.0,134.0
2022-05-08,39.0,27.0,6.0,12.0,13.0,5.0,110.0
2022-05-09,43.0,30.0,6.0,14.0,13.0,8.0,119.0
2022-05-10,46.0,44.0,8.0,21.0,14.0,10.0,127.0
2022-05-11,68.0,31.0,8.0,22.0,14.0,9.0,157.0
2022-05-12,49.0,44.0,10.0,13.0,14.0,10.0,134.0
2022-05-13,67.0,33.0,9.083333333333334,19.5,13.333333333333334,7.333333333333333,157.0
2022-05-14,51.76923076923077,33.0,9.083333333333334,19.5,13.333333333333334,7.333333333333333,141.0
2022-05-15,51.76923076923077,33.0,9.083333333333334,19.5,13.333333333333334,7.333333333333333,141.0
2022-05-16,51.76923076923077,33.0,9.083333333333334,19.5,13.333333333333334,7.333333333333333,141.0
2022-05-17,51.76923076923077,33.0,9.083333333333334,19.5,13.333333333333334,7.333333333333333,141.0
2022-05-18,51.76923076923077,33.0,9.083333333333334,19.5,13.333333333333334,7.333333333333333,141.0
2022-05-19,51.76923076923077,33.0,9.083333333333334,19.5,13.333333333333334,7.333333333333333,141.0
2022-05-20,51.76923076923077,33.0,9.083333333333334,19.5,13.333333333333334,7.333333333333333,141.0
2022-05-21,51.76923076923077,33.0,9.083333333333334,19.5,13.333333333333334,7.333333333333333,141.0
2022-05-22,51.76923076923077,33.0,9.083333333333334,19.5,13.333333333333334,7.333333333333333,141.0
2022-05-23,51.76923076923077,33.0,9.083333333333334,19.5,13.333333333333334,7.333333333333333,141.0
2022-05-24,51.76923076923077,33.0,9.083333333333334,19.5,13.333333333333334,7.333333333333333,141.0
2022-05-25,51.76923076923077,33.0,9.083333333333334,19.5,13.333333333333334,7.333333333333333,141.0
2022-05-26,51.76923076923077,33.0,9.083333333333334,19.5,13.333333333333334,7.333333333333333,141.0
2022-05-27,51.76923076923077,33.0,9.083333333333334,19.5,13.333333333333334,7.333333333333333,141.0
2022-05-28,51.76923076923077,33.0,9.083333333333334,19.5,13.333333333333334,7.333333333333333,141.0
2022-05-29,51.76923076923077,33.0,9.083333333333334,19.5,13.333333333333334,7.333333333333333,141.0
2022-05-30,51.76923076923077,33.0,9.083333333333334,19.5,13.333333333333334,7.333333333333333,141.0
2022-05-31,51.76923076923077,33.0,9.083333333333334,19.5,13.333333333333334,7.333333333333333,141.0
2022-06-01,31.857142857142858,23.133333333333333,9.0,23.533333333333335,14.0,5.066666666666666,93.0
2022-06-02,31.857142857142858,23.133333333333333,9.0,23.533333333333335,14.0,5.066666666666666,93.0
2022-06-03,31.857142857142858,23.133333333333333,9.0,23.533333333333335,14.0,5.066666666666666,93.0
2022-06-04,31.857142857142858,23.133333333333333,9.0,23.533333333333335,14.0,5.066666666666666,93.0
2022-06-05,31.857142857142858,23.133333333333333,9.0,23.533333333333335,14.0,5.066666666666666,93.0
2022-06-06,31.857142857142858,23.133333333333333,9.0,23.533333333333335,14.0,5.066666666666666,93.0
2022-06-07,31.857142857142858,23.133333333333333,9.0,23.533333333333335,14.0,5.066666666666666,93.0
2022-06-08,31.857142857142858,23.133333333333333,9.0,23.533333333333335,14.0,5.066666666666666,93.0
2022-06-09,31.857142857142858,23.133333333333333,9.0,23.533333333333335,14.0,5.066666666666666,93.0
2022-06-10,31.857142857142858,23.133333333333333,9.0,23.533333333333335,14.0,5.066666666666666,93.0
2022-06-11,31.857142857142858,23.133333333333333,9.0,23.533333333333335,14.0,5.066666666666666,93.0
2022-06-12,31.857142857142858,23.133333333333333,9.0,23.533333333333335,14.0,5.066666666666666,93.0
2022-06-13,31.857142857142858,23.133333333333333,9.0,23.533333333333335,14.0,5.066666666666666,93.0
2022-06-14,31.857142857142858,23.133333333333333,9.0,23.533333333333335,14.0,5.066666666666666,93.0
2022-06-15,31.857142857142858,23.133333333333333,9.0,23.533333333333335,14.0,5.066666666666666,93.0
2022-06-16,31.857142857142858,17.0,7.0,18.0,14.0,7.0,93.0
2022-06-17,18.0,22.0,9.0,18.0,14.0,7.0,76.0
2022-06-18,27.0,23.0,8.0,18.0,14.0,6.0,82.0
2022-06-19,30.0,28.0,8.0,21.0,14.0,6.0,89.0
2022-06-20,35.0,25.0,7.0,21.0,14.0,3.0,99.0
2022-06-21,30.0,23.0,10.0,24.0,14.0,3.0,89.0
2022-06-22,31.0,29.0,11.0,28.0,14.0,7.0,91.0
2022-06-23,46.0,25.0,7.0,22.0,14.0,3.0,127.0
2022-06-24,38.0,17.0,6.0,19.0,14.0,2.0,107.0
2022-06-25,23.0,21.0,7.0,21.0,14.0,2.0,74.0
2022-06-26,31.0,17.0,7.0,23.0,14.0,4.0,91.0
2022-06-27,21.0,23.0,13.0,36.0,14.0,9.0,96.0
2022-06-28,32.0,29.0,16.0,28.0,14.0,6.0,93.0
2022-06-29,44.0,25.0,8.0,32.0,14.0,8.0,122.0
2022-06-30,40.0,23.0,11.0,24.0,14.0,3.0,112.0
2022-07-01,37.0,17.0,9.0,21.0,14.0,3.0,105.0
2022-07-02,24.0,15.0,11.0,22.0,14.0,3.0,76.0
2022-07-03,21.0,22.0,11.0,28.0,14.0,5.0,70.0
2022-07-04,33.0,22.0,8.0,27.0,14.0,8.0,95.0
2022-07-05,32.0,33.0,10.0,31.0,14.0,9.0,96.0
2022-07-06,53.0,19.0,6.0,23.0,14.0,10.0,144.0
2022-07-07,28.0,25.0,6.0,27.0,14.0,10.0,109.0
2022-07-08,39.0,32.0,6.0,25.0,14.0,9.0,110.0
2022-07-09,51.0,26.0,8.0,21.0,14.0,4.0,139.0
2022-07-10,43.0,20.0,6.0,25.0,14.0,5.0,119.0
2022-07-11,31.0,19.0,6.0,25.0,15.0,8.0,91.0
2022-07-12,30.0,20.0,7.0,24.0,15.0,7.0,89.0
2022-07-13,30.0,22.0,6.0,23.0,15.0,5.0,89.0
2022-07-14,36.0,13.0,6.0,23.0,15.0,5.0,102.0
2022-07-15,21.0,12.0,6.0,20.0,14.0,4.0,70.0
2022-07-16,18.0,13.0,7.0,21.0,15.0,4.0,63.0
2022-07-17,20.0,19.0,6.0,29.0,15.0,9.0,96.0
2022-07-18,29.0,16.0,5.0,23.0,15.0,7.0,87.0
2022-07-19,24.0,17.0,5.0,23.0,15.0,9.0,96.0
2022-07-20,25.0,22.0,5.0,20.0,15.0,9.0,96.0
2022-07-21,36.0,17.0,2.0,23.0,15.0,9.0,102.0
2022-07-22,27.0,21.0,2.0,23.0,15.0,3.0,82.0
2022-07-23,35.0,14.0,2.0,20.0,15.0,3.0,99.0
2022-07-24,21.0,14.0,2.0,21.0,15.0,4.0,70.0
2022-07-25,21.0,15.0,2.0,21.0,15.0,4.0,70.0
2022-07-26,22.0,14.0,2.0,20.0,15.0,3.0,72.0
2022-07-27,20.0,19.0,3.0,26.0,15.0,7.0,76.0
2022-07-28,28.0,23.0,3.0,28.0,15.0,7.0,84.0
2022-07-29,36.0,22.0,5.0,30.0,15.0,7.0,102.0
2022-07-30,35.0,15.0,2.0,27.0,15.0,4.0,99.0
2022-07-31,23.0,19.0,3.0,27.0,15.0,6.0,74.0
2022-08-01,31.0,19.0,3.0,29.0,16.0,7.0,91.0
2022-08-02,31.0,18.0,5.0,29.0,15.0,7.0,91.0
2022-08-03,29.0,19.0,3.0,29.0,15.0,7.0,87.0
2022-08-04,28.0,17.0,4.0,30.0,15.0,6.0,84.0
2022-08-05,27.0,16.0,2.0,27.0,15.0,11.0,126.0
2022-08-06,26.0,20.0,3.0,25.0,15.0,7.0,80.0
2022-08-07,33.0,18.0,6.0,21.0,15.0,6.0,95.0
2022-08-08,29.0,12.0,7.0,23.0,15.0,5.0,87.0
2022-08-09,20.0,14.0,8.0,20.0,15.0,4.0,68.0
2022-08-10,23.0,7.0,6.0,17.0,15.0,6.0,74.0
2022-08-11,12.0,14.0,5.0,27.0,15.0,15.0,193.0
2022-08-12,22.0,23.0,8.0,30.0,15.0,10.0,109.0
2022-08-13,36.0,14.0,7.0,24.0,15.0,8.0,102.0
2022-08-14,22.0,13.0,5.0,26.0,15.0,9.0,96.0
2022-08-15,18.0,17.0,8.0,30.0,15.0,9.0,96.0
2022-08-16,23.0,17.0,6.0,26.0,15.0,9.0,96.0
2022-08-17,24.0,18.0,11.0,27.0,15.0,7.0,76.0
2022-08-18,26.0,18.0,14.0,29.0,15.0,8.0,86.0
2022-08-19,27.0,11.0,7.0,24.0,15.0,6.0,82.0
2022-08-20,18.0,8.0,5.0,20.0,15.0,8.0,86.0
2022-08-21,14.0,9.0,5.0,24.0,15.0,9.0,96.0
2022-08-22,13.0,16.0,5.0,25.0,15.0,11.0,126.0
2022-08-23,25.0,23.0,14.0,31.0,15.0,8.0,86.0
2022-08-24,37.0,22.0,7.0,27.0,15.0,9.0,105.0
2022-08-25,38.0,9.0,7.0,17.0,15.0,6.0,107.0
2022-08-26,14.0,13.0,7.0,24.0,15.0,8.0,86.0
2022-08-27,19.0,12.0,7.0,19.0,15.0,5.0,66.0
2022-08-28,19.0,12.0,7.0,18.0,15.0,6.0,66.0
2022-08-29,18.0,16.0,5.0,26.0,15.0,9.0,96.0
2022-08-30,23.0,19.0,6.0,33.0,15.0,11.0,126.0
2022-08-31,29.0,21.0,8.0,21.0,15.0,4.0,87.0
2022-09-01,36.0,18.0,12.0,21.0,15.0,4.0,102.0
2022-09-02,30.0,23.0,13.0,30.0,15.0,7.0,89.0
2022-09-03,38.0,19.0,9.0,21.0,15.0,4.0,107.0
2022-09-04,32.0,16.0,11.0,29.0,15.0,9.0,96.0
2022-09-05,24.0,26.0,18.0,32.0,15.0,7.0,76.0
2022-09-06,41.0,35.0,18.0,35.0,15.0,8.0,115.0
2022-09-07,57.0,19.0,7.0,19.0,15.0,5.0,152.0
2022-09-08,35.0,18.0,6.0,26.0,15.0,10.0,109.0
2022-09-09,30.0,26.0,10.0,29.0,15.0,9.0,96.0
2022-09-10,42.0,22.0,6.0,29.0,15.0,8.0,117.0
2022-09-11,36.0,24.0,11.0,35.0,15.0,10.0,109.0
2022-09-12,36.0,31.0,19.0,29.0,15.0,7.0,102.0
2022-09-13,51.0,39.0,18.0,34.0,15.0,9.0,139.0
2022-09-14,65.0,27.0,8.0,35.0,16.0,9.0,156.0
2022-09-15,44.0,25.0,4.0,29.0,16.0,14.0,176.0
2022-09-16,39.0,27.0,4.0,33.0,16.0,10.0,110.0
2022-09-17,42.0,34.0,16.0,35.0,16.0,10.0,117.0
2022-09-18,60.0,22.0,14.0,33.0,16.0,9.0,153.0
2022-09-19,37.0,28.0,11.0,28.0,16.0,7.0,105.0
2022-09-20,46.0,24.0,8.0,28.0,16.0,7.0,127.0
2022-09-21,41.0,23.0,5.0,33.0,16.0,10.0,115.0
2022-09-22,38.0,21.0,14.0,25.0,15.0,5.0,107.0
2022-09-23,37.0,21.0,10.0,21.0,16.0,4.0,105.0
2022-09-24,41.0,23.0,11.0,22.0,15.0,4.0,115.0
2022-09-25,42.0,25.0,14.0,33.0,16.0,11.0,126.0
2022-09-26,43.0,36.0,17.0,32.0,16.0,11.0,126.0
2022-09-27,62.0,36.0,7.0,26.0,16.0,6.0,154.0
2022-09-28,65.0,24.0,7.0,25.0,16.0,8.0,156.0
2022-09-29,44.0,17.0,5.0,21.0,16.0,10.0,122.0
2022-09-30,30.0,17.0,5.0,21.0,16.0,11.0,126.0
2022-10-01,29.0,15.0,5.0,20.0,16.0,8.0,87.0
2022-10-02,22.0,23.0,6.0,24.0,16.0,11.0,126.0
2022-10-03,37.0,28.0,7.0,28.0,16.0,10.0,109.0
2022-10-04,44.0,27.0,6.0,30.0,16.0,8.0,122.0
2022-10-05,41.0,28.0,7.0,31.0,16.0,10.0,115.0
2022-10-06,44.0,27.0,6.0,33.0,16.0,12.0,143.0
2022-10-07,41.0,24.0,8.0,32.0,16.0,9.0,115.0
2022-10-08,37.0,20.0,6.0,22.0,16.0,4.0,105.0
2022-10-09,33.0,14.0,10.0,23.0,16.0,5.0,95.0
2022-10-10,19.0,37.0,14.0,26.0,16.0,6.0,66.0
2022-10-11,60.0,34.0,20.0,37.0,16.0,6.0,153.0
2022-10-12,49.0,35.0,22.0,40.0,16.0,10.0,134.0
2022-10-13,52.0,42.0,20.0,33.0,17.0,6.0,142.0
2022-10-14,70.0,35.0,23.0,34.0,16.0,7.0,158.0
2022-10-15,55.0,40.0,19.0,31.0,16.0,6.0,149.0
2022-10-16,70.0,24.0,20.0,27.0,16.0,5.0,158.0
2022-10-17,38.0,31.0,25.0,29.0,16.0,4.0,107.0
2022-10-18,48.0,35.0,14.0,31.0,16.0,6.0,132.0
2022-10-19,59.0,12.0,10.0,18.0,16.0,2.0,153.0
2022-10-20,24.0,15.0,4.0,22.0,16.0,5.0,76.0
2022-10-21,27.0,30.0,8.0,29.0,16.0,12.0,143.0
2022-10-22,48.0,42.0,12.0,34.0,17.0,12.0,143.0
2022-10-23,66.0,48.0,19.0,36.0,17.0,9.0,156.0
2022-10-24,86.0,36.0,14.0,37.0,16.0,9.0,167.0
2022-10-25,60.0,46.0,10.0,34.0,16.0,9.0,153.0
2022-10-26,80.0,34.0,6.0,31.0,17.0,9.0,164.0
2022-10-27,50.0,39.0,8.0,44.0,17.0,12.0,143.0
2022-10-28,55.0,48.0,21.0,40.0,17.0,9.0,149.0
2022-10-29,84.0,39.0,16.0,30.0,16.0,7.0,166.0
2022-10-30,70.0,18.0,10.0,22.0,17.0,4.0,158.0
2022-10-31,29.0,21.0,13.0,28.0,17.0,6.0,87.0
2022-11-01,30.0,29.0,17.0,38.0,17.0,12.0,143.0
2022-11-02,47.0,5.0,20.0,45.0,18.0,15.0,193.0
2022-11-03,11.0,5.0,17.0,40.0,19.0,11.0,126.0
2022-11-04,10.0,4.0,19.0,32.0,18.0,6.0,66.0
2022-11-05,8.0,5.0,22.0,35.0,18.0,7.0,76.0
2022-11-06,9.0,26.0,7.0,47.0,18.0,12.0,143.0
2022-11-07,43.0,54.0,18.0,37.0,18.0,9.0,119.0
2022-11-08,101.0,49.0,18.0,35.0,18.0,8.0,174.0
2022-11-09,92.0,44.0,2.0,36.0,19.0,12.0,170.0
2022-11-10,77.0,38.0,2.0,34.0,19.0,11.0,162.0
2022-11-11,66.0,28.0,4.0,33.0,19.0,10.0,156.0
2022-11-12,44.0,36.0,3.0,33.0,19.0,9.0,122.0
2022-11-13,60.0,34.0,4.0,37.0,19.0,15.0,193.0
2022-11-14,53.0,28.0,2.0,29.0,19.0,11.0,144.0
2022-11-15,47.0,21.0,3.0,28.0,19.0,9.0,129.0
2022-11-16,34.0,16.0,3.0,22.0,19.0,9.0,97.0
2022-11-17,25.0,19.0,3.0,25.0,18.0,9.0,96.0
2022-11-18,29.0,22.0,3.0,28.0,17.0,11.0,126.0
2022-11-19,33.0,26.0,7.0,24.0,17.0,7.0,95.0
2022-11-20,42.0,41.0,4.0,37.0,17.0,11.0,126.0
2022-11-21,67.0,41.0,7.0,31.0,17.0,8.0,157.0
2022-11-22,73.0,35.0,6.0,26.0,17.0,8.0,160.0
2022-11-23,62.0,21.0,2.0,19.0,17.0,5.0,154.0
2022-11-24,38.0,24.0,1.0,21.0,17.0,8.0,107.0
2022-11-25,40.0,27.0,2.0,18.0,17.0,10.0,112.0
2022-11-26,45.0,17.0,3.0,17.0,17.0,3.0,124.0
2022-11-27,26.0,15.0,3.0,20.0,17.0,6.0,80.0
2022-11-28,21.0,19.0,4.0,21.0,17.0,7.0,76.0
2022-11-29,28.0,13.0,3.0,17.0,17.0,6.0,84.0
2022-11-30,19.0,1.0,1.0,13.0,17.0,3.0,66.0
2022-12-01,3.0,12.0,4.0,15.0,17.0,3.0,34.0
2022-12-02,22.0,22.0,5.0,23.0,17.0,5.0,72.0
2022-12-03,38.0,17.0,2.0,14.0,17.0,3.0,107.0
2022-12-04,30.0,13.0,3.0,17.0,17.0,4.0,89.0
2022-12-05,20.0,34.0,5.0,28.0,17.0,8.0,86.0
2022-12-06,58.0,39.0,7.0,24.0,17.0,5.0,152.0
2022-12-07,71.0,27.0,2.0,18.0,17.0,5.0,159.0
2022-12-08,50.0,26.0,2.0,17.0,17.0,4.0,137.0
2022-12-09,49.0,23.0,2.0,17.0,17.0,4.0,134.0
2022-12-10,43.0,33.0,7.0,26.0,17.0,7.0,119.0
2022-12-11,57.0,35.0,15.0,32.0,17.0,11.0,152.0
2022-12-12,64.0,34.0,11.0,45.0,17.0,9.0,155.0
2022-12-13,56.0,31.0,17.0,33.0,17.0,7.0,151.0
2022-12-14,53.0,35.0,14.0,47.0,18.0,9.0,144.0
2022-12-15,59.0,40.0,22.0,44.0,18.0,9.0,153.0
2022-12-16,72.0,19.0,13.0,25.0,17.0,4.0,160.0
2022-12-17,31.0,13.0,15.0,25.0,17.0,3.0,91.0
2022-12-18,21.0,30.0,14.0,41.0,17.0,8.0,86.0
2022-12-19,52.0,41.0,9.0,49.0,17.0,9.0,142.0
2022-12-20,70.0,29.0,18.0,40.0,18.0,13.0,159.0
2022-12-21,49.0,40.0,17.0,41.0,18.0,9.0,134.0
2022-12-22,71.0,28.0,8.0,45.0,18.0,8.0,159.0
2022-12-23,49.0,21.0,16.0,44.0,18.0,8.0,134.0
2022-12-24,39.0,19.0,8.0,42.0,18.0,7.0,110.0
2022-12-25,36.0,11.0,6.0,43.0,18.0,10.0,109.0
2022-12-26,23.0,9.0,5.0,43.0,18.0,10.0,109.0
2022-12-27,19.0,10.0,4.0,27.0,18.0,4.0,66.0
2022-12-28,20.0,19.0,5.0,17.0,18.0,4.0,68.0
2022-12-29,53.0,33.0,5.0,21.0,18.0,5.0,144.0
2022-12-30,94.0,47.0,5.0,23.0,18.0,5.0,171.0
2022-12-31,129.0,54.0,11.0,32.0,18.0,7.0,189.0
2023-01-01,144.0,66.0,8.0,28.0,18.0,6.0,197.0
2023-01-02,164.0,59.0,4.0,29.0,18.0,8.0,214.0
2023-01-03,123.0,100.0,3.0,37.0,18.0,11.0,186.0
2023-01-04,173.0,81.0,5.0,31.0,18.0,8.0,223.0
2023-01-05,153.0,56.0,9.0,20.0,18.0,4.0,203.0
2023-01-06,97.0,75.0,10.0,36.0,18.0,11.0,172.0
2023-01-07,137.0,118.0,11.0,43.0,18.0,10.0,193.0
2023-01-08,197.0,114.0,10.0,39.0,18.0,11.0,247.0
2023-01-09,195.0,104.0,3.0,31.0,18.0,9.0,245.0
2023-01-10,178.0,81.0,2.0,21.0,18.0,10.0,228.0
2023-01-11,148.0,57.0,1.0,19.0,18.0,10.0,199.0
2023-01-12,98.0,62.0,2.0,23.0,18.0,11.0,173.0
2023-01-13,108.0,77.0,10.0,24.0,18.0,9.0,178.0
2023-01-14,136.0,62.0,5.0,16.0,18.0,6.0,193.0
2023-01-15,107.0,33.0,6.0,13.0,17.0,5.0,178.0
2023-01-16,50.0,62.0,6.0,8.0,18.0,4.0,137.0
2023-01-17,102.0,65.0,9.0,9.0,18.0,6.0,175.0
2023-01-18,108.0,91.0,7.0,10.0,18.0,8.0,178.0
2023-01-19,160.0,99.0,7.0,9.0,18.0,9.0,210.0
2023-01-20,177.0,121.0,17.0,14.0,18.0,7.0,227.0
2023-01-21,197.0,120.0,8.0,14.0,18.0,7.0,247.0
2023-01-22,207.0,86.0,4.0,15.0,18.0,5.0,257.0
2023-01-23,151.0,50.0,13.0,10.0,17.0,2.0,201.0
2023-01-24,68.0,67.0,11.0,12.0,18.0,3.0,157.0
2023-01-25,112.0,82.0,7.0,9.0,18.0,5.0,180.0
2023-01-26,143.0,72.0,10.0,10.0,18.0,4.0,196.0
2023-01-27,127.0,68.0,14.0,12.0,18.0,4.0,188.0
2023-01-28,107.0,88.0,16.0,15.0,18.0,9.0,178.0
2023-01-29,150.0,115.0,14.0,28.0,18.0,7.0,200.0
2023-01-30,187.0,89.0,7.0,36.0,18.0,9.0,237.0
2023-01-31,155.0,75.0,7.0,35.0,18.0,9.0,205.0
2023-02-01,136.0,64.0,2.0,29.0,18.0,9.0,193.0
2023-02-02,107.0,71.0,11.0,32.25,20.25,6.95,178.0
2023-02-03,111.65,71.0,11.0,32.25,20.25,6.95,180.0
2023-02-04,111.65,71.0,11.0,32.25,20.25,6.95,180.0
2023-02-05,111.65,71.0,11.0,32.25,20.25,6.95,180.0
2023-02-06,111.65,71.0,11.0,32.25,20.25,6.95,180.0
2023-02-07,111.65,71.0,11.0,32.25,20.25,6.95,180.0
2023-02-08,111.65,71.0,11.0,32.25,20.25,6.95,180.0
2023-02-09,111.65,51.0,5.0,24.0,20.0,7.0,180.0
2023-02-10,57.0,40.0,7.0,16.0,20.0,3.0,152.0
2023-02-11,52.0,51.0,7.0,20.0,19.0,4.0,142.0
2023-02-12,68.0,61.0,7.0,31.0,20.0,10.0,157.0
2023-02-13,88.0,55.0,7.0,23.0,20.0,5.0,168.0
2023-02-14,71.0,61.0,11.0,23.0,20.0,4.0,159.0
2023-02-15,100.0,73.0,11.0,27.0,20.0,5.0,174.0
2023-02-16,130.0,111.0,8.0,41.0,21.0,10.0,189.0
2023-02-17,179.0,79.0,7.0,42.0,21.0,9.0,229.0
2023-02-18,129.0,84.0,7.0,26.0,20.0,5.0,189.0
2023-02-19,145.0,69.0,17.0,29.0,20.0,7.0,197.0
2023-02-20,121.0,87.0,13.0,46.0,20.0,10.0,185.0
2023-02-21,149.0,71.0,14.0,38.0,20.0,8.0,199.0
2023-02-22,99.0,74.0,9.0,41.0,20.0,8.0,173.0
2023-02-23,99.0,71.0,11.0,32.25,20.25,6.95,173.0
2023-02-24,111.65,49.0,22.0,33.0,20.0,7.0,180.0
2023-02-25,70.0,73.0,25.0,31.0,21.0,4.0,158.0
2023-02-26,123.0,94.0,20.0,42.0,21.0,7.0,186.0
2023-02-27,159.0,92.0,15.0,44.0,22.0,8.0,209.0
2023-02-28,151.0,81.0,6.0,39.0,22.0,9.0,201.0
2023-03-01,123.0,110.0,25.0,38.0,22.0,7.0,186.0
2023-03-02,183.0,110.0,17.0,45.0,20.0,8.0,233.0
2023-03-03,172.0,77.0,11.96551724137931,26.0,17.0,4.0,222.0
2023-03-04,128.0,98.0,11.96551724137931,32.0,17.0,6.0,188.0
2023-03-05,167.0,91.0,19.0,39.0,17.0,7.0,217.0
2023-03-06,143.0,71.0,19.0,33.0,17.0,6.0,196.0
2023-03-07,98.0,68.0,14.0,38.0,18.0,11.0,173.0
2023-03-08,88.0,90.0,19.0,29.0,18.0,6.0,168.0
2023-03-09,148.0,88.0,12.0,32.0,18.0,6.0,199.0
2023-03-10,133.0,73.0,7.0,34.0,18.0,9.0,191.0
2023-03-11,104.0,79.0,15.0,34.0,18.0,6.0,176.0
2023-03-12,122.0,73.0,19.0,16.0,17.0,2.0,185.0
2023-03-13,67.0,94.0,21.0,29.0,17.0,4.0,157.0
2023-03-14,118.0,97.0,12.0,37.0,18.0,9.0,183.0
2023-03-15,136.0,64.0,11.0,26.0,18.0,5.0,193.0
2023-03-16,76.0,56.0,9.0,25.0,18.0,7.0,162.0
2023-03-17,65.0,56.0,8.0,25.0,17.0,5.0,156.0
2023-03-18,64.0,52.0,8.0,19.0,17.0,3.0,155.0
2023-03-19,60.0,53.0,8.0,21.0,17.0,5.0,153.0
2023-03-20,66.0,60.0,9.0,31.0,18.0,11.0,156.0
2023-03-21,87.0,78.0,15.0,31.0,18.0,8.0,167.0
2023-03-22,132.0,78.0,15.0,33.0,18.0,10.0,190.0
2023-03-23,117.0,77.0,11.0,31.0,18.0,9.0,183.0
2023-03-24,120.0,66.0,11.0,26.0,18.0,9.0,184.0
2023-03-25,90.0,51.0,6.0,18.0,19.0,4.0,169.0
2023-03-26,56.0,44.0,7.0,19.0,19.0,5.0,151.0
2023-03-27,54.0,57.0,7.0,22.0,19.0,5.0,147.0
2023-03-28,67.0,50.0,8.0,21.0,19.0,6.0,157.0
2023-03-29,69.0,60.0,5.0,26.0,19.0,7.0,158.0
2023-03-30,79.0,88.0,5.0,41.0,20.0,14.0,176.0
2023-03-31,135.0,68.0,5.0,37.0,21.0,13.0,192.0
2023-04-01,104.0,49.0,9.0,26.0,20.0,9.0,176.0
2023-04-02,69.0,54.0,11.0,25.0,18.0,9.0,158.0
2023-04-03,72.0,70.0,12.0,30.0,19.0,12.0,160.0
2023-04-04,95.0,77.0,12.0,30.0,18.0,8.0,171.0
2023-04-05,121.0,70.0,13.0,27.0,18.0,8.0,185.0
2023-04-06,105.0,69.0,10.0,31.0,18.0,7.0,177.0
2023-04-07,91.0,73.0,15.0,24.0,18.0,3.0,169.0
2023-04-08,103.0,71.0,9.0,28.0,19.0,6.0,176.0
2023-04-09,108.0,59.0,5.0,33.0,19.0,10.0,178.0
2023-04-10,99.0,61.0,7.0,31.0,19.0,11.0,173.0
2023-04-11,101.0,60.0,9.0,32.0,19.0,12.0,174.0
2023-04-12,94.0,45.0,10.0,28.0,18.0,8.0,171.0
2023-04-13,61.0,48.0,11.0,32.0,18.0,13.0,159.0
2023-04-14,71.0,68.0,12.0,31.0,18.0,11.0,159.0
2023-04-15,105.0,74.0,10.0,34.0,18.0,9.0,177.0
2023-04-16,99.0,70.0,12.0,25.0,17.0,6.0,173.0
2023-04-17,100.0,60.0,13.0,24.0,18.0,13.0,174.0
2023-04-18,84.0,83.0,19.0,27.0,18.0,11.0,166.0
2023-04-19,122.0,87.0,18.0,40.0,19.0,12.0,185.0
2023-04-20,127.0,85.0,17.0,40.0,18.0,11.0,188.0
2023-04-21,130.0,77.0,17.0,24.0,18.0,8.0,189.0
2023-04-22,109.0,61.0,17.0,21.0,17.0,5.0,179.0
2023-04-23,83.0,59.0,18.0,21.0,18.0,7.0,165.0
2023-04-24,72.0,46.0,16.0,25.0,17.0,4.0,160.0
2023-04-25,42.0,55.0,12.0,29.0,18.0,5.0,117.0
2023-04-26,68.0,66.0,13.0,32.0,18.0,5.0,157.0
2023-04-27,96.0,54.0,12.0,22.0,18.0,5.0,172.0
2023-04-28,58.0,46.0,12.0,25.0,18.0,4.0,152.0
2023-04-29,41.0,57.0,12.0,25.0,18.0,3.0,115.0
2023-04-30,53.0,80.0,22.0,26.0,18.0,3.0,144.0
2023-05-01,100.0,67.0,16.0,21.0,18.0,2.0,174.0
2023-05-02,70.0,45.0,14.0,14.0,17.0,1.0,158.0
2023-05-03,45.0,49.0,20.0,16.0,17.0,5.0,124.0
2023-05-04,60.0,63.0,25.0,24.0,18.0,8.0,153.0
2023-05-05,77.0,72.0,31.0,22.0,18.0,6.0,162.0
2023-05-06,99.0,66.0,25.0,21.0,18.0,4.0,173.0
2023-05-07,90.0,47.0,69.0,27.0,18.0,5.0,169.0
2023-05-08,51.0,58.0,25.0,30.0,19.0,10.0,139.0
2023-05-09,83.0,54.0,34.0,26.0,18.0,9.0,165.0
2023-05-10,74.0,44.0,60.0,32.0,18.0,7.0,161.0
2023-05-11,40.0,40.0,14.0,26.0,18.0,7.0,112.0
2023-05-12,41.0,32.0,18.0,18.0,18.0,2.0,115.0
2023-05-13,35.0,39.0,19.0,25.0,18.0,6.0,99.0
2023-05-14,56.0,52.0,33.0,29.0,18.0,6.0,151.0
2023-05-15,67.0,50.0,36.0,23.0,18.0,6.0,157.0
2023-05-16,65.0,72.0,39.0,29.0,18.0,7.0,156.0
2023-05-17,103.0,81.0,36.0,24.0,19.0,8.0,176.0
2023-05-18,122.0,67.0,38.0,44.0,19.0,8.0,185.0
2023-05-19,96.0,68.0,102.0,24.0,18.0,6.0,192.0
2023-05-20,104.0,63.0,102.0,21.0,18.0,5.0,192.0
2023-05-21,92.0,67.0,126.0,24.0,18.0,8.0,222.0
2023-05-22,95.0,65.0,103.0,27.0,18.0,6.0,195.0
2023-05-23,91.0,62.0,74.0,21.0,18.0,5.0,169.0
2023-05-24,90.0,51.0,53.0,33.0,18.0,9.0,169.0
2023-05-25,59.0,50.0,46.0,25.0,19.0,9.0,153.0
2023-05-26,56.0,47.0,61.0,22.0,18.0,7.0,151.0
2023-05-27,49.0,39.0,55.0,18.0,18.0,5.0,134.0
2023-05-28,46.0,53.0,77.0,33.0,18.0,8.0,127.0
2023-05-29,62.0,58.0,49.0,31.0,19.0,8.0,154.0
2023-05-30,69.0,62.0,41.0,27.0,19.0,7.0,158.0
2023-05-31,86.0,61.0,80.0,23.0,19.0,7.0,167.0
2023-06-01,95.0,61.0,92.0,32.0,19.0,9.0,171.0
2023-06-02,82.0,57.0,34.0,25.0,18.0,6.0,165.0
2023-06-03,72.0,59.0,36.0,30.0,18.0,6.0,160.0
2023-06-04,75.0,57.0,28.0,33.0,19.0,10.0,161.0
2023-06-05,83.0,55.0,37.0,21.0,19.0,7.0,165.0
2023-06-06,77.0,52.0,60.0,23.0,19.0,5.0,162.0
2023-06-07,75.0,65.0,40.0,31.0,19.0,9.0,161.0
2023-06-08,114.0,40.0,25.0,22.0,18.0,8.0,181.0
2023-06-09,47.0,61.0,24.0,32.0,18.0,9.0,129.0
2023-06-10,89.0,67.0,29.0,19.0,18.0,5.0,168.0
2023-06-11,115.0,65.0,22.0,29.0,19.0,12.0,182.0
2023-06-12,101.0,49.0,26.0,20.0,18.0,5.0,174.0
2023-06-13,78.0,35.0,15.0,19.0,18.0,6.0,163.0
2023-06-14,42.0,44.0,40.0,26.0,18.0,9.0,117.0
2023-06-15,51.0,53.0,135.0,34.0,18.0,9.0,232.0
2023-06-16,58.0,49.0,49.578947368421055,24.0,18.0,6.0,152.0
2023-06-17,47.0,39.0,49.578947368421055,22.0,18.0,7.0,129.0
2023-06-18,41.0,55.0,49.578947368421055,29.0,19.0,10.0,115.0
2023-06-19,54.0,57.0,21.0,30.0,19.0,10.0,147.0
2023-06-20,66.0,56.0,127.0,31.0,19.0,10.0,223.0
2023-06-21,62.0,65.0,138.0,37.0,19.0,13.0,235.0
2023-06-22,78.0,41.0,13.0,22.0,18.0,6.0,163.0
2023-06-23,49.0,40.0,49.578947368421055,24.0,19.0,11.0,134.0
2023-06-24,45.0,22.0,49.578947368421055,20.0,18.0,7.0,124.0
2023-06-25,25.0,50.0,49.578947368421055,28.0,19.0,12.0,143.0
2023-06-26,60.0,53.0,49.578947368421055,27.0,19.0,10.0,153.0
2023-06-27,57.0,35.0,49.578947368421055,20.0,19.0,6.0,152.0
2023-06-28,36.0,36.0,49.578947368421055,17.0,18.0,5.0,102.0
2023-06-29,41.0,47.0,49.578947368421055,25.0,18.0,8.0,115.0
2023-06-30,50.0,52.0,49.578947368421055,25.0,18.0,8.0,137.0
2023-07-01,61.0,52.0,13.0,22.0,18.0,8.0,154.0
2023-07-02,56.0,54.0,13.0,29.0,19.0,11.0,151.0
2023-07-03,64.0,47.0,13.0,24.0,19.0,7.0,155.0
2023-07-04,57.0,49.0,13.0,27.0,19.0,10.0,152.0
2023-07-05,51.0,44.0,13.0,19.0,19.0,6.0,139.0
2023-07-06,41.0,39.0,13.0,21.0,19.0,4.0,115.0
2023-07-07,34.0,36.0,13.0,18.0,19.0,5.0,97.0
2023-07-08,35.0,39.0,13.0,26.0,19.0,6.0,99.0
2023-07-09,30.0,46.0,13.0,28.0,19.0,7.0,89.0
2023-07-10,46.0,44.0,16.0,27.0,19.0,7.0,127.0
2023-07-11,48.0,43.0,10.0,13.0,17.0,2.0,132.0
